seller-sku	fulfillment-channel-sku	asin	condition-type	Warehouse-Condition-code	Quantity Available
00-SEJ7-NLUD	X0027SOZON	B000SHMQW0	NewItem	SELLABLE	0
50-TE47-EAYK	X0021O2T37	B01IAEO1R0	NewItem	SELLABLE	0
2V-D9YY-QODO	X001WBMSUT	B07N25MXHJ	NewItem	SELLABLE	0
2X-PLO6-ZNPZ	X0025MO23Z	B01N2IOQS2	NewItem	SELLABLE	0
2W-H4R9-II4X	X002F6325F	B07Q31YYKX	NewItem	SELLABLE	2
03-K719-IZVV	X0021LIRNV	B00RYRSNXI	NewItem	SELLABLE	14
3R-O8KS-ITJ6	B0038TYTSO	B0038TYTSO	NewItem	SELLABLE	0
39-2UYV-ERV2	X0021C2W45	B0039L8JF0	NewItem	SELLABLE	0
1G-AGFB-G42Y	X0020CLXR3	B01KU2XQ6C	NewItem	SELLABLE	0
5B-4S60-SI9G	X001RGUK7H	B09LN2XKKQ	NewItem	SELLABLE	0
0U-A8N4-X4V9	X0021WK73N	B01CTBEE8G	NewItem	SELLABLE	0
3P-BU9M-TZED	X0025YACTL	B005TVH7C4	NewItem	SELLABLE	0
1B-03LX-AT8L	B07RQCTH7Y	B07RQCTH7Y	NewItem	SELLABLE	0
2T-6DXK-P84I	X002FL1IID	B0883H62D4	NewItem	SELLABLE	0
5G-TU53-7RMA	X002FRA2WZ	B0FXY3SZSC	NewItem	SELLABLE	2
12-REIY-M109	X001RGUPQX	B07N7MWX72	NewItem	SELLABLE	0
4K-WEPS-L3CS	X002AE1J11	B084GYF7CF	NewItem	SELLABLE	0
6M-SVYW-VZN4	X0020OK2O1	B083FZ7HPC	NewItem	SELLABLE	0
5V-N0KC-8279	X002E6ME69	B09NCTFM6B	NewItem	SELLABLE	0
5J-M919-XYC8	B0929877HD	B0929877HD	NewItem	SELLABLE	0
3R-FBNF-KE4A	X0020R45F5	B08G26V86N	NewItem	SELLABLE	0
2W-Z97R-Y700	X0021IWRY9	B07WDSDCP2	NewItem	SELLABLE	0
3L-S88R-ERB0	X0024ZCIX9	B015T904QQ	NewItem	SELLABLE	0
5G-98CL-A7ZB	X0021IU5VL	B014DGGA2S	NewItem	SELLABLE	0
0K-SNEA-MIMU	X0020NFB89	B00L33XYWE	NewItem	SELLABLE	0
1M-FE3X-PWID	X0020JQZ3X	B000TGKMZS	NewItem	SELLABLE	0
6C-JW70-ODEJ	X0021KRCAB	B071LNN3XJ	NewItem	SELLABLE	0
6K-F28V-3RJZ	X0021WK751	B00692Q9IU	NewItem	SELLABLE	0
3M-NN2Z-2LDT	X0028I4A97	B07RTQ4VM7	NewItem	SELLABLE	0
5Z-2OJ6-0S91	X0021WK74H	B009RTW1IO	NewItem	SELLABLE	0
0C-ZNL3-2WI8	X0029XRJPD	B07JQ61ZWB	NewItem	SELLABLE	2
3V-UDGM-MMMC	X0021O2T41	B00MW38L86	NewItem	SELLABLE	0
4Q-EW0U-KKIM	X002BAAQXB	B000CNTT9I	NewItem	SELLABLE	0
4R-M4DL-1WZ7	X0025651XL	B003XZQ8UA	NewItem	SELLABLE	0
3A-KW3X-H7EP	X0023V2F9L	B0038TYTSO	NewItem	SELLABLE	0
29-HJHV-VC4M	X0027XRHJX	B0C1NKCN8W	NewItem	SELLABLE	0
5J-A2IY-9HNQ	X0020CLXSR	B01KU2XPMC	NewItem	SELLABLE	0
1U-UWCI-6SHY	X0022LIJV5	B00E1L8QIC	NewItem	SELLABLE	0
1D-L3V4-TXSK	X0026DMJIN	B01IAEU6M4	NewItem	SELLABLE	0
3K-RNE6-811B	X0021XDZOP	B08QDVNDMB	NewItem	SELLABLE	1
4Z-HA27-XO9R	X002ADZ13J	B088PN91KK	NewItem	SELLABLE	9
1X-XO5B-HVP3	X00297JZF1	B01N9QGSKU	NewItem	SELLABLE	0
2Y-1M1I-CWC7	B085LJP3JL	B085LJP3JL	NewItem	SELLABLE	0
4U-U97Z-DYR8	X0022OFJ01	B0CT8ZV2BB	NewItem	SELLABLE	0
6M-2OWR-IDBH	X002DZ6HTV	B0D525ZW7M	NewItem	SELLABLE	24
6M-2OWR-IDBH	X002DZ6HTV	B0D525ZW7M	NewItem	UNSELLABLE	2
28-KSIM-OPKB	X001T8I7Q9	B07767BPYJ	NewItem	SELLABLE	0
5Y-MYQP-H3YS	X0028YUX9H	B008JYH6FQ	NewItem	SELLABLE	0
5R-4BU9-FVQ5	X001T9NVT1	B003V5KWWM	NewItem	SELLABLE	0
6A-SE69-4V0E	X001UUXJDH	B073XS4TXS	NewItem	SELLABLE	0
5H-NKL2-D7KV	X0027SPOEN	B00O32UOBQ	NewItem	SELLABLE	0
4X-J7LQ-UYCS	X0020N7J6L	B01L4S90IE	NewItem	SELLABLE	0
0Y-WU7D-23K4	X0029JLA0R	B07S3JNTB4	NewItem	SELLABLE	1
1A-QZIZ-SULS	X002AD1WZP	B07GNVFSVR	NewItem	SELLABLE	0
4V-MJHE-GY57	X0022USFFB	B08QDV5NRV	NewItem	SELLABLE	0
3A-HQE0-4ZXD	X0025S8ROT	B004Q85822	NewItem	SELLABLE	2
4L-FOG4-GVYU	X0029JDI8J	B0CJDZK2CC	NewItem	SELLABLE	0
1C-SR17-5IFP	X0029I4OPL	B012AI2XRM	NewItem	SELLABLE	2
1C-SR17-5IFP	X0029I4OPL	B012AI2XRM	NewItem	UNSELLABLE	1
68-20HU-2CR9	X0021IW1ZT	B072PTZFD7	NewItem	SELLABLE	0
0C-NMXX-ZLPX	X0025S94AP	B0097OXE4O	NewItem	SELLABLE	0
1B23-Q79D-SC16	X0022ULYGN	B0C1BB1LC4	NewItem	SELLABLE	0
1M-HLA7-MMT2	X0029T3H7V	B00TB00HQW	NewItem	SELLABLE	0
64-CHH5-Q6D8	X002CCW5DH	B082P4118C	NewItem	SELLABLE	0
1H-ZIXG-0S3M	X002E6GJ51	B001FORJXQ	NewItem	SELLABLE	0
6I-EA9C-CQFZ	B010B0G9P8	B010B0G9P8	NewItem	SELLABLE	0
01-7DUZ-UP4T	X0027XCLAD	B00TSK7F56	NewItem	SELLABLE	0
3L-B9S7-CUVN	X001UUXJ9B	B076CSFM9C	NewItem	SELLABLE	0
6D-F073-RFUN	X002DZ3BW7	B0038TYTSO	NewItem	SELLABLE	17
43-LWX7-OPKH	X0026GYP3H	B00BRWPM1C	NewItem	SELLABLE	0
1O-I2JQ-CBQO	X0021MT7B1	B00BHIU3R4	NewItem	SELLABLE	0
0L-TKCV-8JG8	X0021VVB0H	B0094WEUOW	NewItem	SELLABLE	0
1Z-M3V7-DOPV	X00234P9TL	B00FVXEX86	NewItem	SELLABLE	0
1L-KGTV-N1I3	X0025ZE8CR	B00BNRFJRI	NewItem	SELLABLE	0
1K-5RIM-NBNW	X0021ITLJ3	B075DHYL5F	NewItem	SELLABLE	0
08-0JF6-CQVL	X0020OQ033	B00Z9DAI8W	NewItem	SELLABLE	0
1E-8BPC-SV96	X00262J0F9	B09NYJFL9Q	NewItem	SELLABLE	0
28-2COL-9E88	X002AE15MT	B09SPD17XJ	NewItem	SELLABLE	0
2I-AIQL-C1ZO	X001XUJ77V	B076CSFM9C	NewItem	SELLABLE	0
6A-T7QN-7NW7	X0027VPRU1	B013V7HC72	NewItem	SELLABLE	0
3I-UGJA-GS6Z	X00260T32L	B06Y2B3YHP	NewItem	SELLABLE	0
4D-5WE5-VZWV	X002BPVTTB	B01F2LBF96	NewItem	SELLABLE	0
6I-MQ6J-73RI	X0027VOPBX	B000VOPB4A	NewItem	SELLABLE	0
61-PF23-6IHM	X0027YMPAN	B00BXFH8OM	NewItem	SELLABLE	0
45-DSQT-TXL4	X002B09LY1	B00VXDO81A	NewItem	SELLABLE	1
3A-1NQF-P9TC	X002DRETWL	B0DH9D2NTR	NewItem	SELLABLE	29
3A-1NQF-P9TC	X002DRETWL	B0DH9D2NTR	NewItem	UNSELLABLE	1
4U-QMWF-2HE8	X002ADYXGZ	B0080QP9FW	NewItem	SELLABLE	9
5H-F8VC-554U	X001T89GMD	B00GMP5D8G	NewItem	SELLABLE	0
00-E4PG-WIJW	X00234R4BH	B002KRBJRY	NewItem	SELLABLE	1
0T-YXIF-292N	B08ZKRFMYG	B08ZKRFMYG	NewItem	SELLABLE	0
5E-CECA-MYSZ	X0027Q16VZ	B0BT2LSQCJ	NewItem	SELLABLE	0
6H-2V7V-8WJ1	X00234P9RN	B00FRCWBL2	NewItem	SELLABLE	0
1K-Z4Y0-1HYK	X0029QI8L9	B082G2VYRP	NewItem	SELLABLE	16
57-SSI8-BA3E	X0025MZYFF	B010M219S2	NewItem	SELLABLE	0
1W-7N4X-YU8Q	X002F62VJN	B07ZFDC9D8	NewItem	SELLABLE	5
30-5WPD-41UT	X002BQM4AX	B0079765N8	NewItem	SELLABLE	24
6O-WGYB-Q0V3	X0027VGYKD	B07L9RZWY9	NewItem	SELLABLE	4
0C-P1NV-BQF9	X001S9TKZ1	B0065QZPI0	NewItem	SELLABLE	0
1F-N4Q9-EYKF	X0021MUE8L	B00RLQ7ED2	NewItem	SELLABLE	0
2B-PCL0-O46S	X00296P99N	B01K3BQ8HO	NewItem	SELLABLE	0
4S-RVFX-O4QM	X00234LL3J	B00EV6T974	NewItem	SELLABLE	25
63-VC10-0GPL	X00234KBSP	B01NCZES6L	NewItem	SELLABLE	0
2O-7H7Z-8EZI	X002B8TME7	B0DH9LT4GN	NewItem	SELLABLE	60
11-L3J6-SRWO	X0021GDCBX	B003XKPIKQ	NewItem	SELLABLE	0
0L-FWWH-IZD1	X002C42YAT	B0047KYR2G	NewItem	SELLABLE	10
0L-FWWH-IZD1	X002C42YAT	B0047KYR2G	NewItem	UNSELLABLE	1
0K-0HTP-JBFH	X002DR8ZYJ	B0F5N69J3N	NewItem	SELLABLE	0
3R-2MZK-XT2Z	X00254WYXN	B0DHZNKLZY	NewItem	SELLABLE	0
0O-I0T5-XDGI	X0025ZDWP1	B0CD7N84JW	NewItem	SELLABLE	0
09-3Z8S-BJWX	X00249XK23	B00P1FQGVG	NewItem	SELLABLE	0
58-WIB9-C80Y	X0028YOAYL	B00IUFVP9C	NewItem	SELLABLE	0
2F-2LKS-PWWS	X002EWPL45	B000C213ZC	NewItem	SELLABLE	0
5S-7ILK-JSO4	X0027P2SAJ	B00THQQ1CO	NewItem	SELLABLE	0
3B-R4FL-KZAE	X0021QL2TH	B0BR647VTQ	NewItem	SELLABLE	0
59-GJH9-JA5A	X002C6QP4X	B0B92Y18GT	NewItem	SELLABLE	0
0A-SCSO-3AC3	X0021XDYWX	B08QDV5NRV	NewItem	SELLABLE	13
0A-SCSO-3AC3	X0021XDYWX	B08QDV5NRV	NewItem	UNSELLABLE	1
3H-X6R7-DOO5	X0025B003R	B0DJGX2S8W	NewItem	SELLABLE	50
2Q-A2SH-YZJT	X0026DNC25	B0C63J9C44	NewItem	SELLABLE	0
4B-S1OM-ZMUK	X0027VGY99	B07KPGCJCL	NewItem	SELLABLE	0
4J-AQ7T-NOFB	X0023PFTVD	B00RYRNHK2	NewItem	SELLABLE	0
5C-AUKQ-YNCD	X002F6P3J3	B0DR97FTB8	NewItem	SELLABLE	10
4Y-XLSJ-XCXX	X002CUVNJV	B0CRHXK8SD	NewItem	SELLABLE	0
3H-UI1V-QMBC	X0023PEJ5F	B0039L8JF0	NewItem	SELLABLE	7
2G-X3LS-XOSQ	X0021KRC8X	B00DSDJUJI	NewItem	SELLABLE	0
54-E8NL-FOGK	X0023DEU5B	B00641UCY8	NewItem	SELLABLE	0
6L-5X3H-YPG3	X0020JZZRF	B0002KQGUG	NewItem	SELLABLE	0
1M-RT07-OA95	X0025TZO21	B0DKWCXZYF	NewItem	SELLABLE	0
3D-1S5Q-PGW6	X0023PEJ5P	B0039L8JF0	NewItem	SELLABLE	12
5Q-8QPS-1ML7	X0026CMJLV	B01EY6T2KY	NewItem	SELLABLE	0
1V-ZVVN-X47V	X0029QIDVT	B0BQ7MQQS6	NewItem	SELLABLE	0
2H-XTGN-3NXJ	X0020NAOJF	B0BY2J8LJ3	NewItem	SELLABLE	0
2Y-QNM1-VRI1	X00297JUU1	B0015HJG6Q	NewItem	SELLABLE	7
0F-IQ6A-C8G0	X0023AHVTV	B00ENNVIYC	NewItem	SELLABLE	0
28-E5ZI-85OT	X0028R37WJ	B000C1W6P4	NewItem	SELLABLE	1
0F-YG12-CO0P	X0026B7D13	B075PTHVKN	NewItem	SELLABLE	0
69-AWRG-WQ38	X002E3D46L	B0074OLDLK	NewItem	SELLABLE	18
13-ECLR-7XII	X0021XT9Y5	B0BNLX6NW1	NewItem	SELLABLE	15
1I-6CS9-A6DH	B005TVSETO	B005TVSETO	NewItem	SELLABLE	5
1C-77KS-D0T8	X001T3JFC9	B0825PJV9F	NewItem	SELLABLE	0
3W-7EQX-J2AM	X0025YAERB	B000VFWJ7Q	NewItem	SELLABLE	19
37-LJFJ-A5PB	X0027QC35N	B007UVG8EY	NewItem	SELLABLE	0
24-JE51-4SRA	X0023C8D9B	B00BH4I6BI	NewItem	SELLABLE	0
0E-UVHR-D0ON	X002DLJEQX	B08BRF8JG2	NewItem	SELLABLE	35
60-XXEN-M0UY	X002FOOR97	B0FXMWK9R5	NewItem	SELLABLE	4
3G-CB1N-7S4J	X0029XRHEL	B0034LPSIG	NewItem	SELLABLE	0
56-RUMM-IW0Y	X0022OF7RV	B00U09XBK2	NewItem	SELLABLE	0
2K-88TK-U0OS	X0027SSA99	B0045YMZ5K	NewItem	SELLABLE	0
2M-EGJ0-6WCS	X002FNWXIP	B0FXMYXLK2	NewItem	SELLABLE	2
3E-N5VW-CXPL	X0021MY5AJ	B01LTIAUDI	NewItem	SELLABLE	0
00-EKIW-27KM	X001VECPLT	B09X21141J	NewItem	SELLABLE	0
48-NJPO-OCHF	X0029C3MZP	B08KTY1QRP	NewItem	SELLABLE	0
19-GBCQ-3WGB	X0020BM3EL	B084RK83H1	NewItem	SELLABLE	0
54-M9K1-CG0B	B0FJWX78FT	B0FJWX78FT	NewItem	SELLABLE	53
0R-YFHD-SM7X	X001T9LBHZ	B07XF918ZR	NewItem	SELLABLE	0
14-CGVT-898E	X001WLP5Z9	B07PLZKNH3	NewItem	SELLABLE	0
26-JG0M-5KRR	X0020S1BPB	B01KU2X9P0	NewItem	SELLABLE	0
3J-IHV5-MQ5S	X0020BM3E1	B0041JUMNQ	NewItem	SELLABLE	0
1B23-504C-MVNE	X0022UIY89	B0C1BB1LC4	NewItem	SELLABLE	0
1B23-504C-MVNE	X0022UIY89	B0C1BB1LC4	NewItem	UNSELLABLE	9
6A-6Y6G-LWZ4	X002EM0XRP	B0FJYL61NV	NewItem	SELLABLE	0
16-3H6F-OEJT	X002CCX5ZJ	B0712237LX	NewItem	SELLABLE	4
61-ULRH-LMWJ	X002FBTDA3	B0FVY55R32	NewItem	SELLABLE	0
10-DYBF-7NQ1	X0028LKZ0H	B0BC6RSS1S	NewItem	SELLABLE	144
27-JNJP-OUP2	X0020S1BP1	B00E1L8QIC	NewItem	SELLABLE	0
3I-23HC-HG98	X0020S1BOR	B01KU2XAB8	NewItem	SELLABLE	0
04-MVRY-T4SS	X002BFZ7DF	B07JJ3P7VQ	NewItem	SELLABLE	0
1M-1YMB-VC27	X002AE3H2P	B07GBC93Q9	NewItem	SELLABLE	0
3J-OVV4-OLH3	X001TTSUY7	B0155JGRG6	NewItem	SELLABLE	0
51-7VBU-HBT5	X002ADYLFD	B08W1L3ZMR	NewItem	SELLABLE	6
4T-J2QD-HBGP	X0025NEUXV	B07P7LPJZ2	NewItem	SELLABLE	10
5R-QHG4-9HTU	X00248WBS3	B0DFQGLVD8	NewItem	SELLABLE	33
3A-YJ16-K0JI	X0021P1JD7	B08VTGYXXT	NewItem	SELLABLE	0
68-M2VY-07OS	X0021XJLIJ	B091FXRR2G	NewItem	SELLABLE	5
11-T6E4-P56K	X0027QCETD	B0065QZPI0	NewItem	SELLABLE	0
66-GGBM-4TX3	X0022XMC7F	B00U09XBK2	NewItem	SELLABLE	0
6M-SVYW-VZN4-stickerless	B083FZ7HPC	B083FZ7HPC	NewItem	SELLABLE	44
16-VFVE-PK0E	X0023MBZKZ	B00DI9IIEK	NewItem	SELLABLE	0
39-N835-OS70	X0021WK75B	B01CTBEDGO	NewItem	SELLABLE	0
0R-K3G0-UELD	X0020FXHYR	B071WWK11X	NewItem	SELLABLE	0
5J-NBRV-A26G	X0026DI1OT	B00K8BHLZ8	NewItem	SELLABLE	0
1P-CFHB-0E86	X0020B3VU1	B002KPCOMA	NewItem	SELLABLE	0
0K-9B63-P5YC	X002EF6WEP	B0F5N69J3N	NewItem	SELLABLE	91
0K-9B63-P5YC	X002EF6WEP	B0F5N69J3N	NewItem	UNSELLABLE	4
50-R0J0-Q4BZ	X0027P4UMX	B008MTVWRQ	NewItem	SELLABLE	0
00-P3PU-OA9I	X0025JLRB3	B086VMRK1C	NewItem	SELLABLE	0
39-TG1N-7169	B0038U4TRO	B0038U4TRO	NewItem	SELLABLE	0
4N-WOSM-QFLY	X0027VH6L9	B0C9MXT71S	NewItem	SELLABLE	0
6L-A3C7-ATND	X0021QL2VP	B08Q35JSYN	NewItem	SELLABLE	0
3T-AYDI-3SXJ	X0027XAFUL	B0786RHSQN	NewItem	SELLABLE	3
46-HJU8-OS68	X001VL8683	B07CNYCX8S	NewItem	SELLABLE	0
4B-W6Y0-TSAY	X0020NAIZP	B0077CVGZC	NewItem	SELLABLE	0
02-H7HW-RV9N	X002DRBNL1	B0F5N69J3N	NewItem	SELLABLE	0
5B-VIRD-6QXV	X002EF9YOP	B0F5N9ZPLF	NewItem	SELLABLE	20
1B23-Q5Y0-ZMIQ	X0022UIAW9	B0C1BB1LC4	NewItem	SELLABLE	0
06-Q552-VVD3	X0021QL2V5	B074QTHQK9	NewItem	SELLABLE	0
0J-UQLZ-6CTM	X0021VV161	B00LCSETYM	NewItem	SELLABLE	0
5O-X0R7-NXRT	X0020U4YZD	B07DVNRFSR	NewItem	SELLABLE	0
0O-F1GN-G2NI	X00238LG03	B000BU7G1A	NewItem	SELLABLE	0
4M-J4DI-JJKR	X0023MF7N1	B01N4IHSX3	NewItem	SELLABLE	0
1N-HJ1D-N9N8	X001RGO1QN	B003XZTIK2	NewItem	SELLABLE	0
0P-580G-7EFD	X0020EX0EF	B00BH4I6BI	NewItem	SELLABLE	0
1J-SFWC-MRNT	X0020S1BO7	B004D54GCQ	NewItem	SELLABLE	0
0O-E5N3-GMSX	X0027MIIMJ	B076YBQ5ZN	NewItem	SELLABLE	0
B003XZTIK2	X0022W39WX	B003XZTIK2	NewItem	SELLABLE	0
DH-EMAK-X6JR	X0021O2T2X	B00NGTY2TC	NewItem	SELLABLE	0
AU-FHUU-XVCH	B0038TYTSO	B0038TYTSO	NewItem	SELLABLE	0
9C-EMWC-UYZ0	X0020YFZH5	B084NY65LV	NewItem	SELLABLE	6
AV7230	B0DM8MFF8B	B0DM8MFF8B	NewItem	SELLABLE	97
AV7230	B0DM8MFF8B	B0DM8MFF8B	NewItem	UNSELLABLE	29
C7-BIRB-0XEZ	X0027XFK29	B07GNVFSVR	NewItem	SELLABLE	0
7O-PF0J-3TVP	X002574EZ1	B00PM153MC	NewItem	SELLABLE	0
A4-QZCF-ZRJ9	X0028A1SC7	B0083CNYHS	NewItem	SELLABLE	0
8J-P175-QBBA	X0029JLCTL	B07RY8QYLT	NewItem	SELLABLE	0
71-KHVH-O5NI	X0021PFVQD	B07PR3XNHY	NewItem	SELLABLE	0
A3-R3FU-VP49	X002C5W7G9	B000C1UETE	NewItem	SELLABLE	23
AU-0HB7-S6F2	X0023V6MJZ	B08QDTBJKK	NewItem	SELLABLE	19
BV3204-34	B0DLW2VHFX	B0DLW2VHFX	NewItem	SELLABLE	50
D5-X26R-629H	X002F6RO3L	B00KAAPB8Q	NewItem	SELLABLE	12
B0BNLWGJD3	X002A9W2LH	B0BNLWGJD3	NewItem	SELLABLE	0
B5-HVCX-20DY	X0027VOV35	B099WTGWYH	NewItem	SELLABLE	0
AF-BOK2-OUAE	X002A6WPLH	B0093NNDCC	NewItem	SELLABLE	0
D1-SN3A-8X97	X0020EFT49	B00265MFJG	NewItem	SELLABLE	0
DB-WBX3-89KF	X0023G6D6H	B004XGQ1PU	NewItem	SELLABLE	0
Chogan 001 FBA	X002EPZYZD	B0F5N8MR2G	NewItem	SELLABLE	37
BV-SENX-0IPX	X0020EFVXD	B00D850UW2	NewItem	SELLABLE	0
AH-BYWO-PQL5	X001U82IVD	B00449Q6I8	NewItem	SELLABLE	0
7I-0SF9-QPHN	X0020B3V01	B084RK83H1	NewItem	SELLABLE	0
DC-YDQ3-HPRA	X0027V3RMV	B0BW9DNBB7	NewItem	SELLABLE	6
9A-HRHI-ESUM	B00OQK8M5U	B00OQK8M5U	NewItem	SELLABLE	0
BV3201-34	B0DLPB4SLM	B0DLPB4SLM	NewItem	SELLABLE	27
A1-RRRH-GXZG	X0020B31H9	B01KU2XPMC	NewItem	SELLABLE	0
8A-NNZV-XRUS	X001TJHWT1	B07B9KD2JF	NewItem	SELLABLE	0
CU-UEUU-I9QV	X0025S8M71	B00HWTAFUC	NewItem	SELLABLE	0
6S-A9G9-0RQA	X002AE19RF	B08GV2XH6G	NewItem	SELLABLE	3
7E-3NTR-6VN6	X0027Q5H1F	B00BGNIXKY	NewItem	SELLABLE	0
764302231042	X001RRKTVN	B0038TVHGG	NewItem	SELLABLE	0
CH-8I34-13GL	X002CRHEP1	B0CBNQWDCZ	NewItem	SELLABLE	0
BV3202-34	B0DM8MFVWH	B0DM8MFVWH	NewItem	SELLABLE	39
DE-UXQY-XO0J	X0025U0PKV	B00PM153Z4	NewItem	SELLABLE	0
84-S27K-3E3R	X0024V0IL7	B00BHIU3R4	NewItem	SELLABLE	0
72-Y4PH-02F3	X0020K00UV	B00Z9DAI8W	NewItem	SELLABLE	0
AF-F0ML-AOCL	X0023T6RNX	B01B2A1R8A	NewItem	SELLABLE	0
D9-N0CT-H5OA	X0020B3XD1	B01KU2X91E	NewItem	SELLABLE	0
9V-Q0CQ-N8BN	X0020YB2EF	B000P0F91K	NewItem	SELLABLE	0
73-4LM3-R7T0	X0022B1EWV	B00D0GAQ0U	NewItem	SELLABLE	0
8L-8T9Q-QA7O	X0028XY2Q3	B08KTY1QRP	NewItem	SELLABLE	0
8U-KLL6-M1R2	B0DMV9NMG4	B0DMV9NMG4	NewItem	SELLABLE	26
B6-Z4EM-0EM9	X0027XG33T	B009QJMN60	NewItem	SELLABLE	2
AS-ZSMN-2IVV	X0020ZF32V	B085LJP3JL	NewItem	SELLABLE	1
8D-7BF5-8X7C	X0022QG9UX	B01LTIAUDI	NewItem	SELLABLE	0
AO-H5AA-U05Q	X002B8TMTH	B0CRHZC5GW	NewItem	SELLABLE	25
AO-H5AA-U05Q	X002B8TMTH	B0CRHZC5GW	NewItem	UNSELLABLE	1
Chogan 069 FBA	X002EQ452P	B0F5N67XJ2	NewItem	SELLABLE	42
Chogan 069 FBA	X002EQ452P	B0F5N67XJ2	NewItem	UNSELLABLE	1
D4-8PQP-H4UK	X0027V80IR	B06XCWSY6X	NewItem	SELLABLE	5
BJ-9O0N-YIZA	X0025S8RWL	B005C2N8IC	NewItem	SELLABLE	0
8S-D1RO-GB7V	X002CW20P5	B08B7ZFTRW	NewItem	SELLABLE	6
9Y-4PBF-EJJR	X002FNL7S7	B0945SW33C	NewItem	SELLABLE	3
88-BBUD-1NA6	X0021MTIUV	B00EIMAA3S	NewItem	SELLABLE	0
BN-Z460-0DS4	X002BHT383	B00EXW1RMG	NewItem	SELLABLE	0
CL-2TGU-KVJ1	X0020B3SGN	B000142J5Y	NewItem	SELLABLE	0
9C-UWEF-QMAP	X0029QF1FF	B000JL69OG	NewItem	SELLABLE	0
CD-H6T2-B9CZ	X002ADYQIF	B0722Q96JV	NewItem	SELLABLE	0
BE-VWFR-MF4B	X0028UHIP3	B0B8354XY2	NewItem	SELLABLE	0
6X-ARGG-TLV6	X001T8JRR7	B004ZKBLFE	NewItem	SELLABLE	0
B00Z9DA9T0	X00282Q6DB	B00Z9DA9T0	NewItem	SELLABLE	0
7C-2WR6-S3IE	X0023PBTFN	B0039L8JF0	NewItem	SELLABLE	12
9E-3QWC-PS2N	X0020NAJBX	B09BNSHBQV	NewItem	SELLABLE	0
BE-05UC-KCDZ	X0025YAD3V	B00AVE22XS	NewItem	SELLABLE	0
8T-VR60-FBCR	X001RBJPBJ	B01BMLQ4JQ	NewItem	SELLABLE	0
CZ-RA1O-VBWE	B0FJYN8HWW	B0FJYN8HWW	NewItem	SELLABLE	51
AF-21BE-P2QP	X0020N5BY3	B00837ZOI0	NewItem	SELLABLE	0
9I-67TK-B04Z	X0021GS13H	B07KNR5N1Y	NewItem	SELLABLE	0
AM-YXP2-14GK	X0025681KL	B008LXZZ4E	NewItem	SELLABLE	0
8H-U6I0-MXJG	X001T3JDRV	B001YTD3BE	NewItem	SELLABLE	0
AV-4I8O-SA5Y	X001RJY3I1	B00OVQO66S	NewItem	SELLABLE	0
CH-Z1JD-SZZB	X001T3JFW9	B00E1JQ9W4	NewItem	SELLABLE	0
80-CBEZ-HEM9	X0025MXWI1	B000VOJHHW	NewItem	SELLABLE	0
BZ-JE3O-7EJG	X0027RATSP	B06XTP6RF3	NewItem	SELLABLE	3
A2-Y4MC-014K	X00234KNKB	B071NTL9N8	NewItem	SELLABLE	0
7W-NGDN-AV48	X002BET53T	B00D58JS5M	NewItem	SELLABLE	8
Chogan 068 FBA	X002EPZPVV	B0F5N9LN9P	NewItem	SELLABLE	58
94-EEWB-GYON	X002AE1Z83	B0C1HT49CT	NewItem	SELLABLE	0
CY-ZI9Z-C6ZE	X0025D1WMX	B07JJ3P7VQ	NewItem	SELLABLE	0
AX-RORT-XYGT	X002ADYHJD	B09FGBHWJY	NewItem	SELLABLE	0
BV-YR7B-W62A	X0025MNXZD	B018984GWM	NewItem	SELLABLE	0
8F-CNQY-BN0X	X0021J3HIN	B004G3PQ7Y	NewItem	SELLABLE	0
7C-9JE0-DGVW	X0023VEET5	B007FIYBIC	NewItem	SELLABLE	0
AV8059B	B0DFQGLVD8	B0DFQGLVD8	NewItem	SELLABLE	33
9D-9R3A-85H5	X0025T382T	B0BR64SGY6	NewItem	SELLABLE	0
82-C4OV-TVFB	X001T3JRN1	B000P1VLLG	NewItem	SELLABLE	0
AQ-NJAG-85NN	X002DRBM0X	B0F5N8MR2G	NewItem	SELLABLE	0
9C-1DJK-JXIM	X00234P73J	B00DZGA1H8	NewItem	SELLABLE	0
C6-8OIM-OW0P	X0020O4I6J	B09BNSHBQV	NewItem	SELLABLE	0
C3-AW0E-VFP8	X0022OFBF9	B07SZ1XSR1	NewItem	SELLABLE	0
D7-4RD1-J5D6	X002EMWWYH	B0FRGLLB2S	NewItem	SELLABLE	0
7R-EYTI-5E94	X0021IW67R	B07NKGLKBT	NewItem	SELLABLE	0
DH-J3MZ-9RJA	X0021GJ5E1	B084RFGQ2L	NewItem	SELLABLE	0
7N-0M4L-56AR	X0020QW5RL	B09BNSHBQV	NewItem	SELLABLE	0
AJ-V2BH-L922	X0022O3D1X	B01KJHOHAM	NewItem	SELLABLE	0
BB-KFH1-GLM4	X0020O4I7N	B07FW35J3X	NewItem	SELLABLE	0
9N-1YMF-RQA5	X0020O4I7D	B0BY2J8LJ3	NewItem	SELLABLE	0
D8-W03P-9XWH	X001V19UXN	B00SFG44C6	NewItem	SELLABLE	0
7R-7J04-IW0B	X0024W0YXN	B00PM153MC	NewItem	SELLABLE	33
C8-BT7E-SO7O	X002F6S4SZ	B002AFH4TS	NewItem	SELLABLE	3
DE-LQZI-BOGO	X0022B3LHR	B01KU2YQCU	NewItem	SELLABLE	1
CA-V0TQ-R23G	X0021GFN0B	B01KU2XAB8	NewItem	SELLABLE	1
BA-KE5Y-0M56	X001SHVJI9	B08SKTGZF5	NewItem	SELLABLE	0
DB-PWM6-M73D	X0025S93ZL	B0095UFAJW	NewItem	SELLABLE	0
BS-QFCD-QFI1	X002C97DYV	B0018CYWJY	NewItem	SELLABLE	0
9S-51J5-3AHM	X0028YOH71	B00KLEU6HC	NewItem	SELLABLE	0
AQ-6ARI-HILA	X002BCWX2B	B00EXW3WNI	NewItem	SELLABLE	0
8G-4GC1-E3CV	X002FLSSS1	B0DCHMT4J3	NewItem	SELLABLE	0
9D-854G-1YUM	X002ADYQO9	B0C6FZ1JDL	NewItem	SELLABLE	3
7G-PFJK-AYK3	X002CVGK4D	B0CKM2SSK3	NewItem	SELLABLE	16
7A-Q4JI-AHJB	X002E7JNO9	B0DWGSSLVZ	NewItem	SELLABLE	60
7E-GUWF-M6DT	X0021GDE39	B0038TXGL0	NewItem	SELLABLE	1
CE-9URR-X0FB	X0025YH4LF	B000V3KLLE	NewItem	SELLABLE	0
CM-VEM9-05AR	X002AE18HB	B08GTW7H2R	NewItem	SELLABLE	20
Chogan 023 FBA	X002EMSV0B	B0FRGMDJQ7	NewItem	SELLABLE	17
AK-X5FG-RF1D	X0021BWL6F	B00RYRSNXI	NewItem	SELLABLE	0
DK-5XTM-GHKF	X001RJOFGV	B0065QZPI0	NewItem	SELLABLE	0
6W-BBBN-GZ4S	X0020QSM9V	B00E1L8QIC	NewItem	SELLABLE	0
6R-9KRY-HLZW	X002569KXN	B07S8BQRRL	NewItem	SELLABLE	0
AQ-95IL-4VPZ	B0FJYDDN7N	B0FJYDDN7N	NewItem	SELLABLE	90
AQ-95IL-4VPZ	B0FJYDDN7N	B0FJYDDN7N	NewItem	UNSELLABLE	1
BQ-G9X7-NY1S	X002900QG5	B0B69KMJ56	NewItem	SELLABLE	0
86-H4C2-15OP	X0027SQF7D	B00BZ5XYEI	NewItem	SELLABLE	0
DE-TGXX-IJAJ	X0020KTGA1	B003E82NG4	NewItem	SELLABLE	0
8Z-AYF0-SQJR	X002439VGN	B07Q2FQK7W	NewItem	SELLABLE	0
8S-RXGQ-DZCR	X0027VN5L9	B000PS8P3Q	NewItem	SELLABLE	0
AX-DZKC-WC2Y	X002DU45J5	B00DZPFVME	NewItem	SELLABLE	8
B0-6NBA-H8K9	X002FD4NAL	B00F63VPZ0	NewItem	SELLABLE	0
DE-2ZDD-DJG5	X0020BM3F5	B0BNLWGJD3	NewItem	SELLABLE	41
DK-OD84-HNL6	X00297FW2L	B000TBXHIW	NewItem	SELLABLE	0
8I-FCGK-BSA7	X0020BM3EV	B07F6W3S65	NewItem	SELLABLE	0
BB-WUHN-G2YD	B08B5HVCFT	B08B5HVCFT	NewItem	SELLABLE	0
89-H0O2-U961	X0020QSL9H	B08DL2ZN1M	NewItem	SELLABLE	0
AR-Q2DR-NVKT	X00236FF4X	B01IAEU6M4	NewItem	SELLABLE	0
BJ-2P0A-RJD0	X0021YUYX9	B002KQ05SO	NewItem	SELLABLE	0
83-U5Z7-732R	X002CCYYVN	B000VOLFUO	NewItem	SELLABLE	0
BF-1QA1-81MG	X002F6SYZX	B0F443WD8W	NewItem	SELLABLE	47
BV3201-12	B0DLPC34LN	B0DLPC34LN	NewItem	SELLABLE	28
CQ-8W1S-YA8X	X001T3JOCP	B006J9BCZ8	NewItem	SELLABLE	0
BV3204-12	B0DLW3TP69	B0DLW3TP69	NewItem	SELLABLE	29
78-8062-MGLU	X001S9TL3R	B07KX6GWK1	NewItem	SELLABLE	0
A0-NQG9-WAA4	X002F8NE83	B0FTT9T84W	NewItem	SELLABLE	2
A9-PT8O-B2F1	X0027SQF5F	B0000WEVG2	NewItem	SELLABLE	0
A3-NM2M-FTE0	X0021QEQ9P	B07P6HT2YD	NewItem	SELLABLE	0
B4-XZMO-ENLR	X0020B35UR	B003YIDSJA	NewItem	SELLABLE	0
BC-8P5A-AWTI	X0022TFK19	B00MUPR7E0	NewItem	SELLABLE	0
AZ-SOWM-7S51	X0025T44SL	B000142S6Y	NewItem	SELLABLE	0
BT-LYXT-4Q3J	X001TA0H1P	B003V5KWWM	NewItem	SELLABLE	0
BD-6AVQ-U3KA	X0025YGGNH	B08WCR2LPT	NewItem	SELLABLE	0
D8-XM3L-SZD7	X0021VVAFX	B07NP4G1QM	NewItem	SELLABLE	1
BK-MB23-9A07	X0021PKC8P	B01FVH8Z6W	NewItem	SELLABLE	0
BT-KHZ6-RHBB	B07XZGL27P	B07XZGL27P	NewItem	SELLABLE	0
D6-BUGM-39KR	X0023GSOR3	B00XADTVK4	NewItem	SELLABLE	0
88-Q7TS-8G02	X0027UKP45	B0851PKS5G	NewItem	SELLABLE	0
6W-WYJO-E2XK	X001T408A1	B006J9BCZ8	NewItem	SELLABLE	0
7I-A0Y1-S5OI	X002FLJAMJ	B06XDR8519	NewItem	SELLABLE	12
7T-V34C-GHS6	X001RCWJZH	B005N3N1AA	NewItem	SELLABLE	0
DD-FWCL-JIIP	X0028BGB9V	B07XWJ2M7Q	NewItem	SELLABLE	0
AW-D1RW-UBL0	X0020BM3D7	B000142J5Y	NewItem	SELLABLE	0
93-6M8G-4CP1	X0021SSPQ3	B07P6HT2YD	NewItem	SELLABLE	6
B2-SVKA-OPIH	X0021QL2WT	B08K4C7VXQ	NewItem	SELLABLE	0
73-0U0E-EMEP	X0021MT441	B00XXO2K4O	NewItem	SELLABLE	0
B0CT8ZV2BB	X0022WCKVJ	B0CT8ZV2BB	NewItem	SELLABLE	0
BQ-EBYF-A1ZK	X0020JYMNX	B0041JUMNQ	NewItem	SELLABLE	0
7A-VGIM-XXW5	X002EPKIL3	B002WCN14Q	NewItem	SELLABLE	12
CT-6BQ9-OSH2	X0020B13G5	B0844NQRJ2	NewItem	SELLABLE	0
CH-V7QQ-1DQX	X0025ES28J	B01HTMABXW	NewItem	SELLABLE	0
8C-YCBR-WO1R	X0029NBLXT	B003E82NG4	NewItem	SELLABLE	0
DI-KF3Q-4HGC	B07JZKB31V	B07JZKB31V	NewItem	SELLABLE	0
B9-HBP1-4DTH	X0025YAD8B	B07VXGZBLG	NewItem	SELLABLE	0
CD-Y1LK-MV7C	X0020EKE2V	B0C464DDDC	NewItem	SELLABLE	0
9B-H1BO-ADEX	X0027RATNP	B004TTHEGG	NewItem	SELLABLE	0
BV3202-12	B0DM8KP89H	B0DM8KP89H	NewItem	SELLABLE	59
D8-A206-KF5R	X0020B3T1H	B01KU2XQ6C	NewItem	SELLABLE	0
6Q-0AS0-BCS6	X0029NFLKX	B000056W74	NewItem	SELLABLE	0
89-YDT2-1U3H	X0022T9ZT7	B072K4YFJW	NewItem	SELLABLE	0
D0-79D8-3I0Z	X002ADYRUH	B08B7V7BN8	NewItem	SELLABLE	3
AN-30X3-O9MR	X00260QZTZ	B001ADY4T4	NewItem	SELLABLE	0
9V-3MUW-MNTJ	X0028YV68T	B00NQN4KOK	NewItem	SELLABLE	6
8I-Y6L8-LXFU	X0029PR6B3	B0D3J4BT2L	NewItem	SELLABLE	0
BV-K4II-LVZU	X002604R9Z	B01714LQ9G	NewItem	SELLABLE	0
CD-QEHX-MXYE	X002FLU3B1	B092C893B3	NewItem	SELLABLE	14
D7-GE6C-EJ3B	B0038U4TRO	B0038U4TRO	NewItem	SELLABLE	0
7H-VC7M-JN8G	X0020B3UBV	B00265HBAY	NewItem	SELLABLE	0
8P-FRU6-E7NG	X002DTDUIN	B000C1Z8AY	NewItem	SELLABLE	0
DK-CFQ8-DR08	X0022NA6AF	B08TJ3LX9W	NewItem	SELLABLE	0
7Y-0MIW-CBF8	X002DR9TCB	B0F5N67XJ2	NewItem	SELLABLE	0
83-RG4Y-1ASJ	X0025CXJST	B00Z9DA9T0	NewItem	SELLABLE	0
8O-WPOV-T95J	X0027OX5ON	B00THQQ1CO	NewItem	SELLABLE	0
AI-AM0T-OK1O	X0028XX39F	B07PVHXC45	NewItem	SELLABLE	6
B3-1ZY4-P28I	X002CCW4XD	B082P36976	NewItem	SELLABLE	0
CY-WA8L-46MC	X0020B35RZ	B0844PPWGW	NewItem	SELLABLE	34
6R-WIST-PO5Z	X0025S91GR	B000EGK550	NewItem	SELLABLE	0
B004Q85822	X00282TXY5	B004Q85822	NewItem	SELLABLE	0
C5-V2HQ-MFFL	X001T4EG1D	B07NP32KCP	NewItem	SELLABLE	0
8E-S6VV-GORA	X0025UVZZF	B006J9BCZ8	NewItem	SELLABLE	0
CZ-RH2J-TYEP	X002ADYOOV	B08935YSZD	NewItem	SELLABLE	0
7H-MTZB-MWP6	X0021QL2UB	B0BNLX6NW1	NewItem	SELLABLE	0
7X-JVSH-L38D	X0022O5NWF	B003DPYE3S	NewItem	SELLABLE	0
FQ-LQC5-9UNI	X0020EPFJN	B01M0F7S9F	NewItem	SELLABLE	0
FT429/12-12	B0FK27DKYG	B0FK27DKYG	NewItem	SELLABLE	45
EA-XBG9-AE5O	X0028LMT2J	B078PJ4SH2	NewItem	SELLABLE	0
E3-YAXJ-5JAL	X0021VV00D	B00P1FQGVG	NewItem	SELLABLE	0
JE-ZKM5-2ZJD	B0DM8MFF8B	B0DM8MFF8B	NewItem	SELLABLE	97
JE-ZKM5-2ZJD	B0DM8MFF8B	B0DM8MFF8B	NewItem	UNSELLABLE	29
ED-QIEZ-WBA7	X0029QIXEB	B0CHFR69BH	NewItem	SELLABLE	0
JC-VS9V-257A	X002DZ7T9N	B0038U4TRO	NewItem	SELLABLE	8
JB-MKLE-DG6M	X002E95DWX	B0FPR8XWQ3	NewItem	SELLABLE	53
JE-2TZE-L9VC	X0020B3V29	B0010O0DVQ	NewItem	SELLABLE	0
HO-42QL-YSY9	X0020B3XVX	B01KU2YWZ6	NewItem	SELLABLE	0
EC-CDST-ZXM0	X0020F4GBZ	B001BR97A0	NewItem	SELLABLE	0
GD-P195-OQZ9	X002EZRFFZ	B0082QBMBA	NewItem	SELLABLE	9
FS-GGYL-8FV2	X0021O2T2D	B005H7I5E4	NewItem	SELLABLE	0
HN-8S05-0FI1	X002FNR1BJ	B07LGLRV9N	NewItem	SELLABLE	0
GZ-PSX3-1MRY	X0029QK0AL	B01FUS6ORY	NewItem	SELLABLE	0
HC-B3NW-0Y1B	X0023974FN	B00D0GAQ0U	NewItem	SELLABLE	0
FO-VDKH-BE60	X0020CLXRD	B01KU2YWZ6	NewItem	SELLABLE	0
GE-1U3Q-D1YH	X002DZ28BR	B0FB4Q1YPB	NewItem	SELLABLE	0
GE-1U3Q-D1YH	X002DZ28BR	B0FB4Q1YPB	NewItem	UNSELLABLE	5
EZ-EEAB-JE8P	X0025S7THF	B00HQE27HC	NewItem	SELLABLE	0
DW-DSMW-R3E3	X0021WK747	B00P1FQJQS	NewItem	SELLABLE	0
ED-SLSP-38JL	X0020B00OV	B00F58J84Q	NewItem	SELLABLE	0
FT-HAJ4-B06E	X002BQTQWH	B00TXRVC4Y	NewItem	SELLABLE	0
JI-KRYI-RO95	X002FOPO67	B0FXMRP73D	NewItem	SELLABLE	2
DT-A4X5-7A1S	X0020UCEU5	B01HQCGYDQ	NewItem	SELLABLE	0
FT405-12	X00268PZLB	B0DMW2V2H1	NewItem	SELLABLE	48
J4-RBRP-KIZ7	X002ECS9F3	9790793235	NewItem	SELLABLE	8
FA-T90E-6EUN	X0024NGOPT	B0C1BB1LC4	NewItem	SELLABLE	0
FS-5ARR-WLK5	X0025YGNWB	B00XM74LS0	NewItem	SELLABLE	0
HS-4P5H-5PUA	X0022B6TXF	B01KU2YP94	NewItem	SELLABLE	0
G8-JUQE-0BVR	X0021O2T3R	B01M2VJND2	NewItem	SELLABLE	0
DR-T3HU-4DE8	X0020HBW47	B0BNLWGJD3	NewItem	SELLABLE	0
F2-MSN7-BKNA	X0027VNNEX	B000CR1WUI	NewItem	SELLABLE	0
JV-SJJ0-P5AI	X0021PDKPR	B08K4TXR3Q	NewItem	SELLABLE	0
FT517-34F12M	X002E97IMV	B0FPRBVF5W	NewItem	SELLABLE	45
E7-06G2-1QMH	X002F6SQ1F	B0B254XMLW	NewItem	SELLABLE	1
GI-9X3X-NX3A	X002GCF32N	B0053N6ZZI	NewItem	SELLABLE	0
DW-YV9F-K66U	X0022NL1XV	B087MBKF8M	NewItem	SELLABLE	11
GT-O14N-LXWA	X002FLUMIP	B07B8RYRQ8	NewItem	SELLABLE	44
E8-UAGP-MQE5	X002ADZ9TP	B0080QP8QM	NewItem	SELLABLE	0
IZ-CW1K-ZYWH	X00254SEQT	B0DHZRYG97	NewItem	SELLABLE	0
DU-T43G-KIT4	X0020CLXTB	B01KU2YVQ6	NewItem	SELLABLE	0
G2-P3T9-AFCJ	X0022LDJDN	B0BNLWGJD3	NewItem	SELLABLE	0
FT404-1	B0DJGX2S8W	B0DJGX2S8W	NewItem	SELLABLE	0
H3-7VKV-VXSF	X0020B3Y53	B09K4LBV35	NewItem	SELLABLE	0
DX-W5QV-WC2L	X002ADYYWX	B088PMLVMH	NewItem	SELLABLE	0
JT-M49G-7PKS	X002CUU2LV	B0DY7XC6JH	NewItem	SELLABLE	0
JI-8G9C-2DU9	X0020CLXTL	B00265HBAY	NewItem	SELLABLE	0
GA-P7AA-ZVT9	X0025MO1F9	B09MZQ9ZQJ	NewItem	SELLABLE	0
H4-AOU5-H0NG	X0025I5X9L	B0DJW9VJVS	NewItem	SELLABLE	46
FT430/34-34-34	B0FK6NY8JZ	B0FK6NY8JZ	NewItem	SELLABLE	25
JV-JG3O-UJU7	X002EFKRHD	B0CRHY99HG	NewItem	SELLABLE	5
FF-62RJ-DC52	X00221ZVC5	B08ZTM65Q6	NewItem	SELLABLE	0
JE-I9RC-VETF	X002DRCTPP	B0F5NC1VPT	NewItem	SELLABLE	18
JE-I9RC-VETF	X002DRCTPP	B0F5NC1VPT	NewItem	UNSELLABLE	2
FW-6JSN-UQ79	X0027N9LRT	B001GED0AG	NewItem	SELLABLE	0
GP-GHBQ-EF0N	X0021IWRKX	B07WFXFDXV	NewItem	SELLABLE	0
HW-RQK6-JKHJ	X0021PZTF1	B09YVJSS78	NewItem	SELLABLE	0
FT405-14	X00268NCQL	B0DMW46RKC	NewItem	SELLABLE	75
IF-RG3N-MZEK	X0025S325D	B00FN3KF18	NewItem	SELLABLE	0
FT401-34	B0DMV9NMG4	B0DMV9NMG4	NewItem	SELLABLE	26
J6-AOAN-KI00	X0027P26LZ	B077L6X9NB	NewItem	SELLABLE	0
GE-ONOF-XXGP	X0029QO651	B002RZAJMU	NewItem	SELLABLE	0
EQ-30TG-207H	B07K13X8YB	B07K13X8YB	NewItem	SELLABLE	0
GQ-H1B2-ES8I	X00260QY7N	B00BNRFJRI	NewItem	SELLABLE	0
FT406-3412	B0DHZRYG97	B0DHZRYG97	NewItem	SELLABLE	27
IS-B03Q-079O	X0022TG8PV	B003XZTIK2	NewItem	SELLABLE	0
G2-ZQFA-DC0F	X001T3F8UR	B0052XXC2I	NewItem	SELLABLE	0
H6-VF8T-HRUU	X0029QEG4H	B01FUS6ORY	NewItem	SELLABLE	2
I3-EFVQ-UGVR	X0029JLOWL	B0CJ3D2LVD	NewItem	SELLABLE	0
FT428/12-34	X002D7RNGF	B0FK5WBQSD	NewItem	SELLABLE	12
I5-G1D4-7EUT	X001T3JPG5	B005I4PND2	NewItem	SELLABLE	0
JU-YJ97-OV4Q	X002E6OOG7	B000XE682C	NewItem	SELLABLE	0
FT405/1	B0DMVY2D4T	B0DMVY2D4T	NewItem	SELLABLE	57
DZ-4L7F-1LM1	X0022DXPET	B07PQGPFDN	NewItem	SELLABLE	0
EF-JRCE-OPJG	X0022QG9UN	B00RLQ7ED2	NewItem	SELLABLE	0
I4-LCQF-WQ9D	X002564NCL	B00MW38L86	NewItem	SELLABLE	0
FB-WW1H-RH6Y	X002900Q5B	B08YWMPNMT	NewItem	SELLABLE	2
GF-HUAO-YJ0Q	X0022DXPF3	B006J9BCZ8	NewItem	SELLABLE	0
FT403-1	B0DJW9VQVR	B0DJW9VQVR	NewItem	SELLABLE	31
ER-GL3T-104K	X001VL5PKP	B0BR7X3PPC	NewItem	SELLABLE	0
JW-UMUH-RGGT	X0022AQSBT	B07PQGPFDN	NewItem	SELLABLE	0
FT429/12-14	B0FJYN8HWW	B0FJYN8HWW	NewItem	SELLABLE	51
DX-0CM2-G7Z6	X00235XFHD	B07D32DTJ4	NewItem	SELLABLE	0
IV-TOH6-EMAN	X0025SL1GZ	B07NKG1SW8	NewItem	SELLABLE	0
G6-CAXB-RTVL	X0023UZMQZ	B000A3XHGG	NewItem	SELLABLE	0
F5-L1MD-W8IJ	X002D7RF59	B0CM937ZY5	NewItem	SELLABLE	8
IM-4IVX-R16M	X0025TCHCB	B00BV7HVMQ	NewItem	SELLABLE	0
E1-VSJE-7CPU	X001RRKW6F	B0038TVHGG	NewItem	SELLABLE	0
H8-85ES-HNPG	X002BAAX2Z	B015CMHIW8	NewItem	SELLABLE	0
JS-4SFA-X4FD	X0020N59WR	B001SFRKAE	NewItem	SELLABLE	0
DU-HUFJ-1XMS	X002FD3EH9	B000C1VXQW	NewItem	SELLABLE	9
E2-7RCZ-UAZL	X0023PFTVN	B08DDT1W9V	NewItem	SELLABLE	0
FV-5K4F-3LQQ	X0021KRC9H	B004T19P0W	NewItem	SELLABLE	0
H1-BQV7-3ILZ	X001R6P34H	B004R7RMNU	NewItem	SELLABLE	0
JW-AU92-MBSQ	X0025AWL35	B0DJGWDB73	NewItem	SELLABLE	40
FL-UDLQ-PU9Y	X00249XK1T	B0010ED5FC	NewItem	SELLABLE	0
IS-T8CZ-9MOC	X002FBQQFN	B0FVY7SMM2	NewItem	SELLABLE	51
I4-KAM7-A91V	X0028YLTWR	B000B63O0Q	NewItem	SELLABLE	0
HI-I99J-4UGC	X0026JK4WZ	B0BR64SGY6	NewItem	SELLABLE	0
FT404-34	B0DJGX28JT	B0DJGX28JT	NewItem	SELLABLE	0
IL-2YUU-SJUA	X0029I9DRZ	B082QJG3MQ	NewItem	SELLABLE	0
FT405L-34	B0FK5HP4DF	B0FK5HP4DF	NewItem	SELLABLE	22
EE-YK2J-AW7Y	X0025MXXLH	B076CPPQKK	NewItem	SELLABLE	0
G6-R6GQ-PUBL	X0021PDKZ7	B08FC7WLBW	NewItem	SELLABLE	0
FE-WHH4-RIBA	X0020B333V	B0BNLWGJD3	NewItem	SELLABLE	0
E3-T1MH-H8DA	X0028N6TWD	B078PKR7WF	NewItem	SELLABLE	10
E8-S70M-ENWQ	X0021XT9YF	B0BR647VTQ	NewItem	SELLABLE	14
FT403/1	X002EIT1TF	B0FR29RVQG	NewItem	SELLABLE	0
E5-W8V4-379G	X0029JGVOH	B0C1P5J6F6	NewItem	SELLABLE	1
ET-HPRD-XJW3	X0020QRA99	B01KU2XB9O	NewItem	SELLABLE	0
HX-SX8M-B2EO	X0020QW5RV	B09PW43XVX	NewItem	SELLABLE	0
EA-AYUI-BULO	X001T8LJWX	B07WNHQY2D	NewItem	SELLABLE	0
IT-W1GP-87M1	X002F631MJ	B088C1L345	NewItem	SELLABLE	24
F0-30DP-DWQ3	X002BFXVJR	B0038TYTSO	NewItem	SELLABLE	0
FT403-12	B0DJW9VJVS	B0DJW9VJVS	NewItem	SELLABLE	0
ID-RDZ3-17UK	X002DR9T85	B0DH94W1VC	NewItem	SELLABLE	0
FT404-12	B0DJGWDB73	B0DJGWDB73	NewItem	SELLABLE	0
IQ-L169-8RXW	X0021IWOKV	B01LXW1S6W	NewItem	SELLABLE	0
JB-B84Y-3I5D	X0028YP8RT	B015CMHBI4	NewItem	SELLABLE	17
J5-MV6D-YXJ8	X0025FM9CN	B07F6W3S65	NewItem	SELLABLE	0
GI-XY40-D3UK	X0020YAVI3	B01KU2XU9A	NewItem	SELLABLE	0
G5-R09Z-P6Z5	X0025I4QW1	B0DJW8N9GF	NewItem	SELLABLE	27
G5-R09Z-P6Z5	X0025I4QW1	B0DJW8N9GF	NewItem	UNSELLABLE	1
HJ-BSDW-CKVV	X002DZ2FBZ	B0F5N9LN9P	NewItem	SELLABLE	0
I9-64NN-GSKR	X002FZJI31	B08GV5B8XT	NewItem	SELLABLE	0
FG-U8VU-9U9V	X0028YP8RJ	B095PH42RK	NewItem	SELLABLE	4
HC-DNI3-L418	X0029JLCNH	B0C1P643KL	NewItem	SELLABLE	0
FT428/12-38	B0FJYDDN7N	B0FJYDDN7N	NewItem	SELLABLE	90
FT428/12-38	B0FJYDDN7N	B0FJYDDN7N	NewItem	UNSELLABLE	1
HY-RTEW-2QH6	X0029FBYFH	B075SMB8MT	NewItem	SELLABLE	0
HW-VDN5-WB17	X0020BM3FF	B01JLVSCWG	NewItem	SELLABLE	0
I3-SEMX-DPNU	X0027XF61T	B00COFP8Y2	NewItem	SELLABLE	0
EU-9MUB-BEX0	X002914N8B	B00JN58HSA	NewItem	SELLABLE	0
H2-7AJE-QZJ6	X0025S8WC1	B0081K2R2U	NewItem	SELLABLE	0
HW-PXVM-MA0I	X0020O4I87	B07HJ7RCGM	NewItem	SELLABLE	0
FD-WYZH-L5JU	X0023V1YJ3	B0CFT1FQ1P	NewItem	SELLABLE	0
FT405-38	X00268PZ6V	B0DMW11S8M	NewItem	SELLABLE	34
DL-OCI0-OQXJ	X001RKNCZP	B07KX6GWK1	NewItem	SELLABLE	0
F8-OA3S-I2S9	X002E3EWHL	B000C232JW	NewItem	SELLABLE	35
FT403-34	B0DJW8N9GF	B0DJW8N9GF	NewItem	SELLABLE	0
J4-QZU7-1EJY	X002AE1FE7	B08RHKT21K	NewItem	SELLABLE	5
JR-Z50E-CPEP	X002AE5B0L	B084GXBT4S	NewItem	SELLABLE	0
E8-UVGN-TVL4	X0028XX3NB	B0052EDC8Q	NewItem	SELLABLE	0
HQ-WQVM-AIS8	X0027PAISN	B0D5WYPYSV	NewItem	SELLABLE	0
IL-SBW5-J130	X0023LN0Y5	B00XXO2K4O	NewItem	SELLABLE	0
F0-PP0Z-80D4	B01KU2XU9A	B01KU2XU9A	NewItem	SELLABLE	0
FT406-3812	B0DHZQT9XT	B0DHZQT9XT	NewItem	SELLABLE	0
FT429/12-10	B0FJWX78FT	B0FJWX78FT	NewItem	SELLABLE	53
FT-IRHK-LJR5	X0026CSU69	B00K8BHLZ8	NewItem	SELLABLE	0
JO-IB9B-9P76	X0021PFT8D	B0077DNI1G	NewItem	SELLABLE	0
IC-629J-C9EZ	X001RJY403	B00HWTAFUC	NewItem	SELLABLE	0
E7-IE81-RQLR	X0020R41QN	B0015SXSKK	NewItem	SELLABLE	10
FT-9A2V-BQF4	X0025X2XJ9	B00021PB3I	NewItem	SELLABLE	0
G4-M166-X6DD	X0025YH4VP	B000P20S9Q	NewItem	SELLABLE	0
FC-YIDX-76MN	X0023Q985F	B00RYRSNXI	NewItem	SELLABLE	0
H3-QIF3-N91E	X002CNWITR	B00ZR65UI4	NewItem	SELLABLE	0
GM-8392-9K04	X002E6MPWH	B0CP4F5RR9	NewItem	SELLABLE	19
I3-Q6JO-9AEE	X001T4E6OP	B00692Q9IU	NewItem	SELLABLE	0
EF-UNLX-DDFU	X0028YP8PB	B08KTY1QRP	NewItem	SELLABLE	0
GU-HRKP-47Q7	X0023GSOQT	B01N7ZS0JY	NewItem	SELLABLE	0
HW-HLOT-678F	X0021QE4A1	B08ZWGTWLP	NewItem	SELLABLE	0
EC-6BE3-PHVH	X0025S8EV5	B004YRUDIY	NewItem	SELLABLE	0
EP-9W2Z-DKG4	B089SQ2QHJ	B089SQ2QHJ	NewItem	SELLABLE	0
H6-Z7NI-5EKV	X0027QB5H5	B002CB56SG	NewItem	SELLABLE	0
JU-D7HW-9S1I	X0022PBHUB	B082VWF2V9	NewItem	SELLABLE	0
EL-FNSY-CY64	X0029QMYYB	B093ZM679D	NewItem	SELLABLE	0
FH-2MJK-4KM4	X0022TH0ET	B001SB45L0	NewItem	SELLABLE	0
HM-GP37-E11M	X0028YLS1T	B0006NYCPA	NewItem	SELLABLE	0
FT401-12	B0DJ9FLMRC	B0DJ9FLMRC	NewItem	SELLABLE	0
DN-4YUK-MS84	X00282NAKD	B086B237YL	NewItem	SELLABLE	0
HY-LNFQ-K14D	X0028GJCYR	B0DH9TWL69	NewItem	SELLABLE	0
FT403/12	B0FR27SF2R	B0FR27SF2R	NewItem	SELLABLE	0
H1-11WY-NKBQ	X0021XL79F	B08Q35JSYN	NewItem	SELLABLE	15
JJ-1YE2-3TTI	X002FLOC2H	B09PCBLR78	NewItem	SELLABLE	10
DV-1HXI-4M55	X002BDFN4P	B007R69KEC	NewItem	SELLABLE	0
FT410/12	B0FJYL61NV	B0FJYL61NV	NewItem	SELLABLE	14
IT-SVW9-TP1B	X0028ODLHN	B01F2L8OE0	NewItem	SELLABLE	0
DL-FS6M-RENU	X0029QIA3Z	B000VOHHGK	NewItem	SELLABLE	0
IJ-PQ5V-ECXD	X002G51GTT	B0CP4F5RR9	NewItem	SELLABLE	0
FT403/34	B0FR293FLF	B0FR293FLF	NewItem	SELLABLE	0
IB-GASE-G5QG	X0020B3U25	B01KU2X9S2	NewItem	SELLABLE	0
F6-PUBI-R79I	X0027VGZ5R	B013V7L1W4	NewItem	SELLABLE	0
IT-ISXS-C933	X002CVPVCP	B07PBVC2P7	NewItem	SELLABLE	1
GL-AKYZ-6T57	X0025S2LAF	B006J9BCZ8	NewItem	SELLABLE	0
I2-PR5R-S8M0	X0025S5THH	B00LG2X2Q0	NewItem	SELLABLE	0
I2-PR5R-S8M0	X0025S5THH	B00LG2X2Q0	NewItem	UNSELLABLE	3
F5-4A03-YB65	X0026G0CK7	B01ANO8A4K	NewItem	SELLABLE	0
FH-KLCJ-9Y6G	X0021SSPQD	B08QDV5NRV	NewItem	SELLABLE	0
H3-Q959-4AGK	X0025Y9JP9	B075SMB8MT	NewItem	SELLABLE	0
G8-Z411-CKHQ	X002F12R8D	B0CFT1FQ1P	NewItem	SELLABLE	8
E7-T9GX-78NO	X002CJSLKV	B00IAM8EXU	NewItem	SELLABLE	0
JH-EB7B-A1QV	X0020S1BOH	B08DL2ZN1M	NewItem	SELLABLE	0
I2-V4RA-V2U0	X0021D01ID	B09PW43XVX	NewItem	SELLABLE	0
FT406-112	B0DHZNKLZY	B0DHZNKLZY	NewItem	SELLABLE	45
J5-JIWD-TXDL	X00260VCWZ	B013V7BK9S	NewItem	SELLABLE	0
G7-XHWY-TKF9	X0020EX0E5	B01KU2XGHQ	NewItem	SELLABLE	0
E8-ZJA2-93HE	X0021QL2UV	B091FV74RT	NewItem	SELLABLE	0
EJ-RXA9-WDYS	B00119XXPI	B00119XXPI	NewItem	SELLABLE	0
EM-PDYW-A4CG	X0025X4621	B002GZVYES	NewItem	SELLABLE	27
GC-EMGR-OSTQ	X0021IYKSP	B071LNN3XJ	NewItem	SELLABLE	0
IU-X40U-CBZ5	X0020AZYAR	B07GVZXCFD	NewItem	SELLABLE	0
JL-99LG-1G6D	X00260QXOH	B001FORJXQ	NewItem	SELLABLE	0
IS-HG72-W98U	X002AE1BPZ	B08GV77F56	NewItem	SELLABLE	1
KZ-4ZV2-W9TJ	X002876HBR	B00ES4HW00	NewItem	SELLABLE	0
KX-N5G6-5T5Z	X0024FNBP3	B00P1FQGVG	NewItem	SELLABLE	0
PN-PJO9-6VJM	B0038TYTSO	B0038TYTSO	NewItem	SELLABLE	0
JY-S298-M3AK	X002CFZYKP	B000P20QTI	NewItem	SELLABLE	0
Q603-1	B0DMNW5WWZ	B0DMNW5WWZ	NewItem	SELLABLE	87
KF-Q4FM-S415	X001S3AEYD	B07N7PK9QK	NewItem	SELLABLE	0
Q603-34	B0DMNT5TTW	B0DMNT5TTW	NewItem	SELLABLE	16
KA-DL73-GKXL	X0021J1DQL	B078VMWFHC	NewItem	SELLABLE	0
MA-JOLK-22R7	X0024G4MGJ	B08G26V86N	NewItem	SELLABLE	0
PJ-VIHL-X37E	X0020EX0FJ	B00AC2OEAI	NewItem	SELLABLE	0
L8-XYWH-UBQ9	X0021KRCA1	B075DHYL5F	NewItem	SELLABLE	0
KP-IGNM-UCMA	X0023974FX	B01KU2YP94	NewItem	SELLABLE	0
NI-OSIZ-QK1Y	X001T3JTBL	B006J9BCZ8	NewItem	SELLABLE	0
N2-PJ7S-84KJ	X002B8UX13	B0DH92QBS8	NewItem	SELLABLE	52
OM-JW2Y-RTF1	X0020CLXRN	B01KU2XRP2	NewItem	SELLABLE	0
K9-8FK0-Y7HO	X0025YACT1	B09WLS9182	NewItem	SELLABLE	18
PV-VETJ-K3IS	X002F6S3ZT	B06XZR5R33	NewItem	SELLABLE	17
NI-FGAS-8T5Z	X0027VGZBL	B010BAWDMG	NewItem	SELLABLE	0
OB-T5L9-NBLL	X0025LA7E9	B00Z9DA9T0	NewItem	SELLABLE	0
LR-XSYM-PPUM	X002CCZC19	B00D47VIHA	NewItem	SELLABLE	0
OA-35RS-H9ZC	X0020CLXS7	B0010O0DVQ	NewItem	SELLABLE	0
K1-S656-1CT1	X0025AXTFT	B0DJGX28JT	NewItem	SELLABLE	32
Q4-P3P0-DTUB	X0020B41VJ	B00OO0J9UY	NewItem	SELLABLE	0
K5-5R2T-9JT3	X0021O2T3H	B00GMOYDRY	NewItem	SELLABLE	0
MN-9OV7-A3GA	X002C41H4X	B001KYW4OK	NewItem	SELLABLE	3
OI-P944-LXJT	X002FLVT2X	B000C219IS	NewItem	SELLABLE	11
O9-H97Z-FUOF	X002BA5PIH	B0DWBL9CRN	NewItem	SELLABLE	17
LD-PRFC-4E7O	X002DRA123	B0F5N9ZPLF	NewItem	SELLABLE	0
K0-6EAV-5CEJ	X002CCVW3V	B082P3TH9X	NewItem	SELLABLE	0
K0-6EAV-5CEJ	X002CCVW3V	B082P3TH9X	NewItem	UNSELLABLE	1
O9-KCIW-KQAY	X001RKBTF5	B0031QDZZ2	NewItem	SELLABLE	0
OT-NN9L-95QP	X0025MTKYV	B0CDHKQDL7	NewItem	SELLABLE	0
P1-IHPM-DMTD	B01LZNIFG7	B01LZNIFG7	NewItem	SELLABLE	0
QC-OU3O-6WVM	X0020F0JGB	B01MU8P6I0	NewItem	SELLABLE	0
KW-ZVHW-0104	X002C5R9KD	B00PM153Z4	NewItem	SELLABLE	50
KY-7HE7-ENRV	X001VLBD8X	B0C4Q4LXJM	NewItem	SELLABLE	0
ON-CJJL-KPF5	X0020CLXT1	B084RFGQ2L	NewItem	SELLABLE	0
L1-B0WP-8SL9	X002433XDZ	B0095UFAM4	NewItem	SELLABLE	0
LY-HJ8P-G7LX	X002FL1HED	B01BU92WX2	NewItem	SELLABLE	9
MT-JW2H-X99V	X002609HLD	B013V7BK9S	NewItem	SELLABLE	0
OH-G7G2-B6MF	X001Y0CY2P	B00SFG44C6	NewItem	SELLABLE	0
M4-T963-6L9M	X002DUB1QZ	B075DD5DQZ	NewItem	SELLABLE	6
OM-9D5G-W01A	X002D7CYT1	B0FK5WBQSD	NewItem	SELLABLE	0
KE-J2KG-HKDW	X0021O2T23	B00OQKCEFO	NewItem	SELLABLE	0
OB-N1KN-70E4	X002CF0IKL	B07WC5V4QN	NewItem	SELLABLE	19
OB-N1KN-70E4	X002CF0IKL	B07WC5V4QN	NewItem	UNSELLABLE	1
NO-8E0H-NPWF	B0FK6NY8JZ	B0FK6NY8JZ	NewItem	SELLABLE	25
LE-1RRI-1UFC	X002BA7W3D	B0C1NKCN8W	NewItem	SELLABLE	0
NN-JB1T-PUM1	X0021G2JZN	B01KU2X9P0	NewItem	SELLABLE	0
P9-QOMQ-RMWK	X002EXD4A7	B0081K38QE	NewItem	SELLABLE	0
NR-LMBB-T727	X0026JICVF	B075ZZDH66	NewItem	SELLABLE	0
NL-07VG-OBKC	X002AE1L7N	B08GV5B8XT	NewItem	SELLABLE	22
K8-FI2C-ZTWZ	X0025WZNCJ	B00O32TTK8	NewItem	SELLABLE	0
NO-BIJ1-QYM3	X001RC1ZC5	B01BMLQ4JQ	NewItem	SELLABLE	0
K9-I9L6-QYWJ	X0020B3VO7	B002UJMV2Y	NewItem	SELLABLE	0
QC-EBYB-X5YH	X0025X2OQ1	B00IYO2Q8S	NewItem	SELLABLE	0
Q603-54	B0DMNVF3F7	B0DMNVF3F7	NewItem	SELLABLE	99
MS-FA8Y-BKMT	X0020B3XSL	B01KU2YVQ6	NewItem	SELLABLE	0
JX-YHP6-WNH8	X0022TFOA1	B0009F3O8Q	NewItem	SELLABLE	0
ND-9HVR-A6HF	X0021QDBFP	B09HR3Q7YQ	NewItem	SELLABLE	18
OF-7IL3-16LD	X002F6P3OD	B0DR97FTB8	NewItem	SELLABLE	0
NA-25IP-OSG5	X001U7T3M1	B00128WK4I	NewItem	SELLABLE	0
NE-IUF8-ZAIK	X00260RKIF	B008PG61QI	NewItem	SELLABLE	0
PW-NGB1-ZQ5P	X002566KGX	B07PV57V61	NewItem	SELLABLE	0
NU-1HTB-DRML	X002AAT2DR	B005TVSETO	NewItem	SELLABLE	0
P6-LSPG-NUPA	X00260R02L	B01N6UJJ8U	NewItem	SELLABLE	0
ME-C12Z-WH45	X001R6LDN7	B000C21014	NewItem	SELLABLE	0
PU-LT3I-H3OB	X001T8JRA9	B07F63C6JP	NewItem	SELLABLE	0
MZ-2KRE-PUE4	B0DJW9VQVR	B0DJW9VQVR	NewItem	SELLABLE	31
KN-G1BG-C12K	X0020ZMNAL	B00OQKFFGO	NewItem	SELLABLE	0
M8-AFM4-ZMYV	X0028GJD05	B09Z2TLWR1	NewItem	SELLABLE	0
M8-AFM4-ZMYV	X0028GJD05	B09Z2TLWR1	NewItem	UNSELLABLE	7
P1-85YY-R2KU	X0021PFPG9	B0BB29FH8J	NewItem	SELLABLE	0
OH-Q560-4X08	X002ADZ0FX	B0080QP7YK	NewItem	SELLABLE	0
LL-GYXB-SGCS	X0020EM8MP	B004563Q10	NewItem	SELLABLE	0
LV-KCEG-ETFF	X001VL3SGN	B0BZDXYSRK	NewItem	SELLABLE	0
P9-IG0U-6VQ2	X001T3J2OP	B07NP32KCP	NewItem	SELLABLE	0
MK-0A71-USZM	X002F8N9FB	B0FTT9W1QC	NewItem	SELLABLE	6
OB-2S9U-7DFP	X0021I8CM5	B08MBD47TX	NewItem	SELLABLE	0
MZ-PINC-AKGW	X002AE4NFF	B088NWSPVX	NewItem	SELLABLE	0
M0-7Z01-5B9T	X0029QIF6R	B002SJUH36	NewItem	SELLABLE	2
K7-NZ5Y-VKM5	X0028YVCIN	B00EXW3WNI	NewItem	SELLABLE	5
KW-F7UU-RH2R	X002AHBKAD	B087MBCBV1	NewItem	SELLABLE	0
MN-YKZL-T380	X0029JLE53	B00XQC3YZ2	NewItem	SELLABLE	1
Q601/54	B0DKWQC1SY	B0DKWQC1SY	NewItem	SELLABLE	77
PU-MGGA-UMCH	X002B8UWV9	B0DY7XC6JH	NewItem	SELLABLE	0
O0-JBDM-GB5W	X0028OJIW5	B01CGNU6HK	NewItem	SELLABLE	0
N2-Y5WF-TUGW	X0025S7SHL	B00119TXSO	NewItem	SELLABLE	39
OC-9C5S-N012	X0022NKZA1	B082VWF2V9	NewItem	SELLABLE	0
PE-1YOY-13CC	B01IADVAZW	B01IADVAZW	NewItem	SELLABLE	0
OP-T9KO-7JPN	X002F632A5	B00AFK5IYS	NewItem	SELLABLE	0
N5-EN1B-SPM3	X0022LAQFH	B00GMP5D8G	NewItem	SELLABLE	0
KK-3F3E-T5J0	X002604SD5	B0875792MN	NewItem	SELLABLE	0
M7-TEYZ-7HC9	X0020O4I73	B07HJ6JXZV	NewItem	SELLABLE	0
KM-2GKG-22PK	X0025CWTL7	B00OO0J9UY	NewItem	SELLABLE	0
LJ-DAJS-MWVM	X0021QL2TR	B09K4LBV35	NewItem	SELLABLE	0
KL-J1JY-1ZG3	X0027XAMM7	B0BYB2CTYW	NewItem	SELLABLE	4
Q601/1	B0DKWCXZYF	B0DKWCXZYF	NewItem	SELLABLE	181
K-5RIM-NBNW	X0023SW3Q9	B075DHYL5F	NewItem	SELLABLE	0
NS-QLDG-UKX7	X002CUU15N	B0F5NC6TST	NewItem	SELLABLE	41
NS-QLDG-UKX7	X002CUU15N	B0F5NC6TST	NewItem	UNSELLABLE	1
PO-2JQ4-WOE4	X0021KRC9R	B004G3PQ7Y	NewItem	SELLABLE	0
OI-VCKS-P4M2	X0021MQVKV	B005H7I5E4	NewItem	SELLABLE	0
KU-AIX9-H5YG	X0027VGNSV	B07FK6WW8G	NewItem	SELLABLE	0
NW-6WKT-EW3Q	X002D7R7N9	B00KWT8JZC	NewItem	SELLABLE	1
Q601/12	B0DKWH3DB6	B0DKWH3DB6	NewItem	SELLABLE	75
KY-Z62I-83R6	X0029ZR5UP	B0DH9TWL69	NewItem	SELLABLE	0
PW-2HWZ-X6CF	X0022T7HDD	B08ZWGTWLP	NewItem	SELLABLE	10
L6-CT7T-5M7O	X0028LE3R3	B00QNOBYEI	NewItem	SELLABLE	0
PN-CKXQ-T6JI	X0021KRC97	B01BVVBMGM	NewItem	SELLABLE	0
NO-MAI9-VGI7	X0023V7TLP	B006954416	NewItem	SELLABLE	0
NO-MIN2-Q7QV	X0020YADQX	B01KU2XTFA	NewItem	SELLABLE	0
OB-JTZC-TN12	X001V7PZJP	B01HQCGYDQ	NewItem	SELLABLE	0
K8-BE4Q-QSYD	X0025SBES5	B01DJHEUYW	NewItem	SELLABLE	0
KV-CEFN-HXNO	X0021IR3BV	B078VMWFHC	NewItem	SELLABLE	0
MS-4QF6-G9FT	B088GLXXWG	B088GLXXWG	NewItem	SELLABLE	0
M2-GTTJ-UPYO	X0024G0T61	B087MBKF8M	NewItem	SELLABLE	0
NF-72CQ-UL6N	X0020BM3FP	B00OO0J9UY	NewItem	SELLABLE	0
QF-XJUQ-5GFB	X0025YAEBH	B071VC3M1J	NewItem	SELLABLE	89
N9-47V8-TES1	X0029U0P75	B0B8354XY2	NewItem	SELLABLE	0
KI-HBKO-KYM6	X002C6R4MZ	B077TBS8V3	NewItem	SELLABLE	11
LU-UMD5-D94T	X0027WLUIX	B0BCR6JM7T	NewItem	SELLABLE	0
LH-INOU-7CGE	X0027O3WTL	B09B4BWK63	NewItem	SELLABLE	0
LL-4CQ1-JVGV	X0021J5RJF	B01M7XA02U	NewItem	SELLABLE	0
Q0-B98Y-6CY0	X0029SLWMJ	B00FYSAD28	NewItem	SELLABLE	10
MU-NKOR-XCBE	X001RJOFXJ	B00OO0J9UY	NewItem	SELLABLE	0
O6-YGGH-YXXT	X0025CSELV	B00694GUFK	NewItem	SELLABLE	1
LM-Z4E9-QQET	X0025864M1	B0DJ9FLMRC	NewItem	SELLABLE	27
ME-PIGA-S3AK	X0021VLS9V	B01EJJTMBU	NewItem	SELLABLE	0
LQ-YN43-1GGZ	X002FLUQIL	B0BYJWN6QQ	NewItem	SELLABLE	10
K5-1WOF-8D7Q	X002E39OMJ	B07BYNXC6B	NewItem	SELLABLE	5
PI-TYHV-1P6M	X0028VNL5X	B000273HTW	NewItem	SELLABLE	0
QA-QZL8-JRKA	X00266A1ZX	B002HNQW0U	NewItem	SELLABLE	0
OJ-2LJL-R4EC	X0020N46PN	B01L4S90IE	NewItem	SELLABLE	0
OM-JBXO-SRVC	X002C46UIV	B0DH9D3BQM	NewItem	SELLABLE	40
PQ-AJX9-POXU	X00236FF4N	B00FVXEX86	NewItem	SELLABLE	0
P9-MAVC-5G62	X002E3CSFT	B0DGLY53DY	NewItem	SELLABLE	0
O8-D38E-DBHZ	X0025YDTUZ	B00IN49S12	NewItem	SELLABLE	0
PF-9WYC-LM2T	X002CESV15	B0BRW74XT6	NewItem	SELLABLE	0
PE-1C9G-TF4F	X002BQM2AF	B0066TGLSY	NewItem	SELLABLE	0
O1-30P3-E4WH	X0020BM3EB	B003E82NG4	NewItem	SELLABLE	0
MJ-OGU2-293A	X0027WN685	B0CJVLHWT2	NewItem	SELLABLE	0
NQ-JEHN-EAUN	X0029QKETN	B0BTM4LC4K	NewItem	SELLABLE	0
OZ-3INJ-VV3M	X00234PCJX	B01KU2Y670	NewItem	SELLABLE	0
LW-3E0W-9HYF	X0022B43SD	B00ESQ0WFU	NewItem	SELLABLE	0
MX-HIKB-9PBD	X0020B16ML	B01LTIAU8S	NewItem	SELLABLE	0
ND-I52H-IBU6	X0021LN7FJ	B00RYRSNXI	NewItem	SELLABLE	0
O4-VIWO-KXH5	X0020BM3DR	B00NFVFZ0Q	NewItem	SELLABLE	0
L7-HZC6-UQ9F	X0023GSORD	B0039L8JF0	NewItem	SELLABLE	0
M1-5UMR-USQT	X0029JAWPL	B01M1E8UK3	NewItem	SELLABLE	0
P5-HOCJ-B5A4	X0025Z8DZF	B001FORJXQ	NewItem	SELLABLE	0
PD-A0GN-3P8U	X001VL9MCR	B07BB5X9Q2	NewItem	SELLABLE	0
Q601/34	B0DKX5N7QP	B0DKX5N7QP	NewItem	SELLABLE	20
LW-UF95-LC2D	X0025X52FL	B001RVTWL4	NewItem	SELLABLE	70
NN-8K3D-DF22	B07XZGL27P	B07XZGL27P	NewItem	SELLABLE	0
PB-I4ZR-7PJK	X001RGSCIV	B01BMLQ4JQ	NewItem	SELLABLE	0
QD-E73O-ZDCU	X0025OPQSX	B015XB0HO4	NewItem	SELLABLE	1
O7-GF3O-1FTK	X00222TAN5	B006J9BCZ8	NewItem	SELLABLE	0
OH-7N5G-LMOO	X002E36YXL	B09NCTFP3J	NewItem	SELLABLE	0
NB-46KO-EKI3	X00290XZYF	B00D58JS5M	NewItem	SELLABLE	0
P9-JX8D-5ADO	X0020B3TAD	B01KU2XRP2	NewItem	SELLABLE	0
OX-G97M-RGZB	X0020G0NLV	B07FQ22K68	NewItem	SELLABLE	0
KO-91G5-6PRW	X0020N1TNF	B07FW35J3X	NewItem	SELLABLE	0
MW-NFDT-AJCS	X001RJOFRZ	B0097OXE4O	NewItem	SELLABLE	0
KC-SC22-WN8I	X0021QL2X3	B0BR6423HG	NewItem	SELLABLE	0
NZ-YG5K-YSRK	X0027Q4FBD	B08QDVM61P	NewItem	SELLABLE	5
MM-BRV4-MESX	X0020YET8V	B00NFV2HZ2	NewItem	SELLABLE	3
P3-6YHD-CA5I	X0023V9PC1	B012CRZ9TK	NewItem	SELLABLE	0
L4-65OZ-8YFJ	X001R6YQI1	B005N3N1AA	NewItem	SELLABLE	0
PM-IG74-P54U	X0021J161X	B000SQIHRE	NewItem	SELLABLE	0
P2-WHXF-4CX2	X0021QL2VZ	B091FXRR2G	NewItem	SELLABLE	0
L0-NLXE-8CQ7	X002D7OE4T	B07D92LYYM	NewItem	SELLABLE	0
LN-REXK-IR21	B08ZKS2HWN	B08ZKS2HWN	NewItem	SELLABLE	0
O6-GNCZ-DBR4	X0021KQTU5	B01B2A1R8A	NewItem	SELLABLE	0
Q603-12	B0DMNWSZ65	B0DMNWSZ65	NewItem	SELLABLE	131
MB-ULOE-OCSA	X0028LMT15	B001T8MJC4	NewItem	SELLABLE	10
QA-TQOO-64R9	X0022THOR7	B010R9RVVO	NewItem	SELLABLE	0
Q5-MGP9-RVNA	X0021QL2W9	B09HR1XVQF	NewItem	SELLABLE	0
NZ-YOGC-HZXM	X0029QIA5D	B007UVGGVY	NewItem	SELLABLE	0
PP-GZ3X-8S81	X0020YDJKP	B087Y1PN22	NewItem	SELLABLE	0
Q-L169-8RXW	X0023F3Y15	B01LXW1S6W	NewItem	SELLABLE	0
KW-1U59-BFU8	X0021SSPQN	B088X21VQ1	NewItem	SELLABLE	0
N6-X2MB-CG4H	X002F6P4EH	B000195R7G	NewItem	SELLABLE	11
OJ-7IYZ-NUEO	X002DRA5O7	B0F5N9ZPLF	NewItem	SELLABLE	0
K2-UIRX-TSIJ	X002CCW47T	B076GKL4Y6	NewItem	SELLABLE	0
MJ-AOBF-JUU2	X0021QL2VF	B09HR3Q7YQ	NewItem	SELLABLE	0
KC-Z63J-DQRA	X0023GSOQJ	B004XGQ1PU	NewItem	SELLABLE	0
P0-HTJN-Y350	X0020EX0DL	B00265MFJG	NewItem	SELLABLE	0
PE-2AJQ-VRBS	X002CCYP8F	B094GXBPDX	NewItem	SELLABLE	5
KL-A3MV-AC4N	X0020R1W3D	B0059MUJR8	NewItem	SELLABLE	1
MJ-ULD2-EMJ9	X0028YU4WX	B0052EDC8Q	NewItem	SELLABLE	0
OF-BDTW-MWNY	X002F6MYY5	B0CSNH2238	NewItem	SELLABLE	6
KK-INQK-D3A7	X0025MXXSZ	B07KM3WT78	NewItem	SELLABLE	0
MA-24LR-5DAE	X0028VALXX	B0CQ5MCD3F	NewItem	SELLABLE	5
MA-HE9D-EGCG	X0020B3VD3	B0010NYC3M	NewItem	SELLABLE	0
NT-9HUP-TXHO	X002FD8KMD	B0051PQUN0	NewItem	SELLABLE	4
OQ-7O23-RJAT	X002402B4Z	B001SFRKAE	NewItem	SELLABLE	0
O8-3H89-TCZO	X0023GSOQ9	B01MRDLO5Y	NewItem	SELLABLE	0
TD-7IN3-XZ07	X0025NJDKL	B072K4YFJW	NewItem	SELLABLE	0
UE-S1WH-A03E	X0021XOZ0N	B09HR1XVQF	NewItem	SELLABLE	0
V3-CRYB-HS7Q	X002ADZ4I1	B07R461Z4L	NewItem	SELLABLE	0
XF-U2YC-7SKB	B0083CNYHS	B0083CNYHS	NewItem	SELLABLE	0
WC-678V-FBKL	X00281IQRB	B006J9BCZ8	NewItem	SELLABLE	0
SJ-L19W-YCLP	X002CCYTXL	B0C64GGMNC	NewItem	SELLABLE	7
WG-GI4X-BDJ3	X00234KN7J	B081HJ7CWQ	NewItem	SELLABLE	0
RI-QKUP-7DI9	X002ADYUM7	B08SMH6QKY	NewItem	SELLABLE	0
RL-26BL-VLV4	X002FBDFON	B0FTT9985H	NewItem	SELLABLE	5
TL-CXEA-IOMF	X002CCYI19	B008DEW3PA	NewItem	SELLABLE	0
TQ-7V83-0LMT	X0023D42LD	B000BU7G1A	NewItem	SELLABLE	0
VA-DK9G-O0CH	X0023974FD	B01KU2YQCU	NewItem	SELLABLE	0
QM-H94P-K1ZX	X0021O2T2N	B00BHIU3R4	NewItem	SELLABLE	0
TZ-2JNA-1GZE	X001T8BF63	B07XF918ZR	NewItem	SELLABLE	0
WW-O4T9-KSQY	X002FNL7PF	B089MDJKH1	NewItem	SELLABLE	0
VQ-TQ1X-VZWK	X001UWXP93	B00HWTAFUC	NewItem	SELLABLE	0
TS-GWW5-F5YV	X002B8RJ01	B0D517VDV7	NewItem	SELLABLE	20
TS-GWW5-F5YV	X002B8RJ01	B0D517VDV7	NewItem	UNSELLABLE	1
UJ-AISI-B2AE	X0020B1563	B0038U4U3M	NewItem	SELLABLE	0
W3-GTRQ-IOE0	X002BDIOZF	B00EXW1RMG	NewItem	SELLABLE	0
T1-AD0D-YJDJ	X0021WK73X	B00O338DYU	NewItem	SELLABLE	0
RW-FKMM-KU7V	X0025YBGY1	B001RVTWL4	NewItem	SELLABLE	0
YA-J4AC-SVXQ	X001T3JPKB	B00DZGA1H8	NewItem	SELLABLE	0
R0-7915-DF76	X0021WK74R	B07YYK65W7	NewItem	SELLABLE	0
UN-Z4L9-IUC6	X002E3B5HV	B07W5W6VFX	NewItem	SELLABLE	10
W1-7BZC-3U9S	X001VL3S4F	B07CRHKFJJ	NewItem	SELLABLE	0
WU-VSGL-K052	X001R6LDIR	B01ATJESD6	NewItem	SELLABLE	0
TZ-YIH8-Z8JQ	X002AE1CTZ	B08SW5Z8QX	NewItem	SELLABLE	0
WA-86L9-YLE6	X0020B144L	B0038U4U3M	NewItem	SELLABLE	0
VY-21DA-QVAP	X0020B168P	B00OAMTSJ8	NewItem	SELLABLE	0
VW-0UOL-P2O1	X002574EZB	B07GBBQ24Q	NewItem	SELLABLE	0
UO-6TH5-VOG3	X0021J8BYX	B071ZZF1GV	NewItem	SELLABLE	0
UH-RL1V-BWEX	X002CCXD8N	B07WC864KV	NewItem	SELLABLE	0
UH-RL1V-BWEX	X002CCXD8N	B07WC864KV	NewItem	UNSELLABLE	2
QV-2PJ0-RNHD	X0025D2YR5	B0B6GCMRR9	NewItem	SELLABLE	0
XU-9PTI-6W16	B08BK787TV	B08BK787TV	NewItem	SELLABLE	0
WH-N0W5-TZJ5	X0029JMXLR	B0C1P6J4LF	NewItem	SELLABLE	0
SE-IGHE-5SRI	X001VEFO8P	B0065JCV84	NewItem	SELLABLE	0
XX-EMKW-3TPR	X0028TMHQ9	B00449Q6I8	NewItem	SELLABLE	0
XO-9EPM-M8UL	X002ADYMO3	B088PMQHS4	NewItem	SELLABLE	3
R2-5N80-AP39	X00234KF77	B001KYU1H2	NewItem	SELLABLE	0
TJ-44OA-G9UM	X0021ITM9H	B07WDTB9X7	NewItem	SELLABLE	0
XW-BZ6O-KNBP	X0025D0VBL	B000TG84AS	NewItem	SELLABLE	0
Stickered.MSKU.1739796663739	X0028LKOPX	B005TVSETO	NewItem	SELLABLE	0
Y8-ELAF-0TCL	X002459Y31	B088X21VQ1	NewItem	SELLABLE	0
SX-OXQB-BPLQ	X0021GGQYN	B07KNR5N1Y	NewItem	SELLABLE	0
UQ-RVUX-VGKP	X002E9D02N	B0DY7T4V2H	NewItem	SELLABLE	27
QZ-40KD-YR0C	B07HYC9CD8	B07HYC9CD8	NewItem	SELLABLE	0
Y6-60ID-SKEL	X001RGS62N	B000056W74	NewItem	SELLABLE	0
X6-VGK0-T2B0	X0020QWJB3	B004D54GCQ	NewItem	SELLABLE	0
X8-PU5G-5UUB	X001U82TV7	B00SFG44C6	NewItem	SELLABLE	0
XY-JVRL-C9VN	X0020N8COJ	B01FQ1FIHC	NewItem	SELLABLE	0
XQ-3FU1-EYVM	X002F6SZB1	B00QAIYJQW	NewItem	SELLABLE	12
W4-J71S-R12X	X002CCW9LP	B0874PR2XM	NewItem	SELLABLE	4
Y1-MX5A-97AQ	X0025YENJL	B07MVVGBHH	NewItem	SELLABLE	0
QI-N216-1NXA	X001T8L88D	B07B9KD2JF	NewItem	SELLABLE	0
SKU 03-K719-IZVV	X0023PAD8R	B00RYRSNXI	NewItem	SELLABLE	0
RX-SHJK-OMR4	X002CCYXS7	B0BR2HJNWQ	NewItem	SELLABLE	31
WL-8LES-XV7N	X0023PBTFX	B0039L8JF0	NewItem	SELLABLE	12
WX-XFK9-4QDA	X0025MXX9J	B071VHZBK2	NewItem	SELLABLE	0
X2-DT2V-M399	X00254V99X	B0DHZQT9XT	NewItem	SELLABLE	27
UJ-3CXY-TF66	X002EXIW4P	B07ML1K947	NewItem	SELLABLE	8
WV-8Y7P-9VIU	X0025X2Z51	B01C60HSJ2	NewItem	SELLABLE	0
W5-DESP-38E1	X0026GRFCZ	B06XJQT7S5	NewItem	SELLABLE	0
UX-QXKG-99RV	X0021MK22T	B01CMJZTNO	NewItem	SELLABLE	0
SW-AKVX-1IOG	B00131W32I	B00131W32I	NewItem	SELLABLE	0
Y3-WUW0-5IJX	X00297ICH3	B00IAM8EXU	NewItem	SELLABLE	9
QV-KSPZ-S0A1	X0021PGG1R	B09YVJSS78	NewItem	SELLABLE	0
T5-FAX6-HFCZ	X002ADYGG7	B08HRV2534	NewItem	SELLABLE	0
Y8-RECC-KA4W	X0020ZMNAV	B00GMP5D8G	NewItem	SELLABLE	0
W1-FSZF-IR71	X002CCYZ5D	B000P20QTI	NewItem	SELLABLE	0
XV-1ARO-HVZ8	X002B9S2X3	B091FXRR2G	NewItem	SELLABLE	0
V2-DUJN-P15H	X0027YMX0Z	B007IVW5M0	NewItem	SELLABLE	0
S2-MQ3Z-PMCA	X0021LYOO7	B07YYM11B3	NewItem	SELLABLE	0
UV-KG4Z-5BFK	B01JY75VZ8	B01JY75VZ8	NewItem	SELLABLE	0
RK-1BI5-J9KL	X0027P8GOL	B076YBQ5ZN	NewItem	SELLABLE	0
XS-8G29-ZJ5F	X0021VV797	B00HF8QOZK	NewItem	SELLABLE	0
TS-3OL3-DZFE	X002F7IDX5	B01EZA6JGY	NewItem	SELLABLE	24
T1-RAA5-CLJ6	X0021VV8KP	B000BU7G1A	NewItem	SELLABLE	0
V6-UVBA-0LPM	X0027KYKAZ	B00FGK5FPY	NewItem	SELLABLE	0
WE-ERL8-OZ59	X002CVS195	B087YMPZ4D	NewItem	SELLABLE	0
SD-VRDN-9HMY	X0028VLIZN	B000RO57FC	NewItem	SELLABLE	0
UB-2CME-8X90	X00256DNQX	B007FIYBIC	NewItem	SELLABLE	0
V5-PV5Y-QTQ0	X002CUU2PR	B0DH94W1VC	NewItem	SELLABLE	64
Y6-5SG2-DMNS	X002CCYHAB	B09MYFC7K7	NewItem	SELLABLE	18
SE-AJTN-3TS4	B0DFQGLVD8	B0DFQGLVD8	NewItem	SELLABLE	33
RO-6IKC-UG5Q	X002ADSGZ9	B081BBBCYQ	NewItem	SELLABLE	0
RS-TTFX-UF4O	X00234R4CL	B01KU2Y5BW	NewItem	SELLABLE	0
XW-B1G2-2LEV	X0023V7HSF	B00G6B4UNA	NewItem	SELLABLE	7
TC-7MPI-YD1O	X0022TGEIH	B0010GWZD8	NewItem	SELLABLE	0
TI-1RV1-AUT3	X002G0A7IP	B0725B8PKQ	NewItem	SELLABLE	0
X6-ZXCH-D584	X001VF3OZJ	B07CRKM8TR	NewItem	SELLABLE	0
QR-DOZZ-WJXD	X0021VS8EJ	B00LCSETYM	NewItem	SELLABLE	0
S7-H9QE-3Q1A	X0026M5NMN	B0788H3WGV	NewItem	SELLABLE	0
V7-ZQOP-YRTO	X002B9T9DF	B0CJDZK2CC	NewItem	SELLABLE	0
VN-IHK5-14WE	X0021QL2U1	B0BR64SGY6	NewItem	SELLABLE	16
WP-NPAM-ZNIZ	X002083PRN	B07FYJWVVX	NewItem	SELLABLE	0
RE-JIEL-OZP0	X0022U3CZJ	B002KRHIH4	NewItem	SELLABLE	0
XN-9Z1U-PNR2	X001WLVAKX	B00AGTP9H4	NewItem	SELLABLE	0
V2-ET4R-7AKW	X0028LMSJ3	B005GUKK4A	NewItem	SELLABLE	0
UZ-1BDS-GT7G	X00249XK2D	B07YYM11B3	NewItem	SELLABLE	0
SR-S32D-2QZS	X001RGO55Z	B001T8MJC4	NewItem	SELLABLE	0
WF-N3TB-SR19	X0020NBWE1	B01HQCGYDQ	NewItem	SELLABLE	0
W5-ZSOS-EXD4	X0028YVCID	B07PVHXC45	NewItem	SELLABLE	0
W4-D7MW-YR32	X0027SSAIZ	B003TOOADM	NewItem	SELLABLE	0
XZ-1YBP-2OMA	X0021QL2T7	B08K4TXR3Q	NewItem	SELLABLE	0
UL-X5EL-72MA	X00264EVK1	B008OD7Z5I	NewItem	SELLABLE	0
UM-4VT0-N69E	X002CCU8CH	B00PWH0CMW	NewItem	SELLABLE	16
RJ-JIUZ-BMN6	X0027SQK4L	B000VOCQPW	NewItem	SELLABLE	0
TS-RDA5-LLMP	X0025MZYZF	B0BTWCH6CH	NewItem	SELLABLE	4
TN-FBIK-QVHH	B001SB45L0	B001SB45L0	NewItem	SELLABLE	0
Y6-2KH1-KIF2	X002F7P7EN	B0FTTK4XJK	NewItem	SELLABLE	24
RI-M79N-5V5T	X001VE039P	B07CRKM8TR	NewItem	SELLABLE	0
V3-DC2V-JWK4	X0021KRC8N	B004T19P16	NewItem	SELLABLE	0
VX-92BS-LXJ7	X002E39EJR	B000C218C0	NewItem	SELLABLE	27
WR-5W9Q-2VE6	X001RJY3TP	B013RUF1RG	NewItem	SELLABLE	0
UT-3AME-YUFK	X0025MZQ8Z	B07CQXCKF2	NewItem	SELLABLE	0
YB-2R5J-MLYL	X0020O4I6T	B07DVNRFSR	NewItem	SELLABLE	0
WG-9651-O39G	X00239JAAF	B01EY6T2KY	NewItem	SELLABLE	0
SO-CQSP-16MK	X002FLSV8D	B006QMY1RE	NewItem	SELLABLE	8
VR-WJRN-MCAU	X0027VNLJ5	B0034C806C	NewItem	SELLABLE	0
TP-80BV-KQJY	X002DTDSA3	B0CLLPXXB2	NewItem	SELLABLE	11
TS-S32H-F4XR	X002FNR1KZ	B002XQ1TSG	NewItem	SELLABLE	0
VV-8PSH-I0AG	X0024FZNNB	B07PQGPFDN	NewItem	SELLABLE	0
S3-FKM8-OR20	X00256C3KF	B000NHN282	NewItem	SELLABLE	0
SR-1JLO-MD0F	X0020O4I7X	B00L33XYWE	NewItem	SELLABLE	0
QQ-NCWX-3WQW	X0025YAFCP	B00HWFP7TK	NewItem	SELLABLE	0
QH-EHQ8-C89B	X001VEU74B	B01MF8L77G	NewItem	SELLABLE	0
U6-R4GR-125K	X0021IYOF9	B06XSD3QRW	NewItem	SELLABLE	0
US-OCLO-U4YV	X0020ET6ZR	B01JLVSCWG	NewItem	SELLABLE	0
UT-OIYW-AR2E	X002C6I6L3	B000Q34RLY	NewItem	SELLABLE	7
W4-4OR7-YTI8	X0021PGG4T	B08K4C7VXQ	NewItem	SELLABLE	0
VJ-5XOH-E5PF	X0027ZT0V9	B00O32TTK8	NewItem	SELLABLE	0
RV-OAZH-VJ9K	X002DR7Q5X	B0F5NBNJKH	NewItem	SELLABLE	21
RV-OAZH-VJ9K	X002DR7Q5X	B0F5NBNJKH	NewItem	UNSELLABLE	2
WH-UMVU-5TGK	X00236FF57	B00641UCY8	NewItem	SELLABLE	0
VW-EADT-9HWQ	X002FD8FGJ	B000C1VXQW	NewItem	SELLABLE	0
V8-HXT1-431W	X001TJLLYN	B07B9KD2JF	NewItem	SELLABLE	0
XI-VKXT-JJVT	X0021YV1EP	B00N54RME0	NewItem	SELLABLE	0
SY-RVMU-MMT4	X0022PBHU1	B0CT8ZV2BB	NewItem	SELLABLE	0
UF-ZMCT-FKCT	X0025ZCZ7H	B014DGGA2S	NewItem	SELLABLE	0
QX-IR1A-JBFD	B0FJWX78FT	B0FJWX78FT	NewItem	SELLABLE	53
RW-ROZ7-BX0L	X0026CHRA9	B0788H3WGV	NewItem	SELLABLE	0
TH-QWJZ-3KLC	X002CNTV6F	B0DQPYC781	NewItem	SELLABLE	0
XO-W8DT-25SD	X0027QD8HF	B071L1SJLP	NewItem	SELLABLE	0
QY-CM16-ABPU	X0023V8199	B0010ED5FC	NewItem	SELLABLE	0
RL-LPDK-EFGW	B08SMB5VRB	B08SMB5VRB	NewItem	SELLABLE	0
YA-46KL-82DU	X0024FY1JD	B075DHYL5F	NewItem	SELLABLE	0
SI-RPEH-LFN1	X00256ABLX	B0075CJXHW	NewItem	SELLABLE	0
W1-U1SA-6FOD	X0025ZFX7L	B002HNQW0U	NewItem	SELLABLE	0
WU-5FNF-Y0PN	X0021IVR6N	B004T19P16	NewItem	SELLABLE	0
VZ-DXNF-GVO9	X002C40N6L	B0B1MX9NZ8	NewItem	SELLABLE	14
QU-JQNJ-GI3T	X0020BM3DH	B07GVZXCFD	NewItem	SELLABLE	66
V9-Q8HT-EDSR	X0029SPHED	B00N3FN81C	NewItem	SELLABLE	2
T7-DOAR-TYR9	X001T3JTWF	B003V5KWWM	NewItem	SELLABLE	0
R4-IAGU-KP96	X0022YM9W7	B010R9RVVO	NewItem	SELLABLE	0
XD-EP7Z-SF8O	X002F8NE6P	B0FTTDLNH1	NewItem	SELLABLE	9
WB-X8RC-3WKX	X0021VU8HT	B007R69KEC	NewItem	SELLABLE	0
V5-UGMJ-W7FE	X0027WN5H7	B003YV732K	NewItem	SELLABLE	0
XR-Q18T-W3L0	X001SDGMET	B07N7PK9QK	NewItem	SELLABLE	0
Y3-NSF8-MANP	X002ADZ4VD	B0BYZPHW7G	NewItem	SELLABLE	0
XK-IPS8-9Q7K	X0025X2PYR	B00XAIT190	NewItem	SELLABLE	0
S3-PYT5-Z6R8	X00234LF2B	B071DW92PC	NewItem	SELLABLE	0
XF-L58B-HF9B	X0021QL2WJ	B09HR3V4FY	NewItem	SELLABLE	0
UQ-1KF9-VF1U	X002BPW37D	B001JZRE9K	NewItem	SELLABLE	22
SG-TSV5-1DHV	X0027P264R	B01FKL26GY	NewItem	SELLABLE	0
WX-5QSX-RVMU	X002DF0USF	B0DY7XC6JH	NewItem	SELLABLE	0
XH-8JK3-66GT	X0020B4083	B01F4EB7BW	NewItem	SELLABLE	0
RY-8HDM-9CU2	X0020FXHZ1	B07FQ22K68	NewItem	SELLABLE	0
WP-I64H-SFG9	X0020EX0EP	B0002KQGUG	NewItem	SELLABLE	0
RZ-9IS9-FMAO	X0020EP8M7	B00AM2A2Y0	NewItem	SELLABLE	0
TT-IVVK-CPPU	X0020FXHYH	B01MU8P6I0	NewItem	SELLABLE	0
T7-ZJ3H-U2GP	X0020EX0F9	B00AM2A2Y0	NewItem	SELLABLE	0
QO-6TZ4-QL9D	B0038U4TRO	B0038U4TRO	NewItem	SELLABLE	0
VH-O46V-5QG4	X0022TCLIT	B07SZ1XSR1	NewItem	SELLABLE	0
XM-BCLR-S6D0	X0020EX0EZ	B01M0F7S9F	NewItem	SELLABLE	0
QM-5MTK-ZG2Q	X0025S5SFF	B08MBD47TX	NewItem	SELLABLE	0
WE-0ZEH-UE8M	X0021KQTUF	B004T19P16	NewItem	SELLABLE	0
XG-WPHA-IX4D	X0021WK75L	B01MS7MRMA	NewItem	SELLABLE	0
RC-WHPL-KPG6	X00291981X	B001B1ST78	NewItem	SELLABLE	0
TC-YIRP-WX4C	X001T3HSNR	B000TG63EW	NewItem	SELLABLE	0
V9-O6UZ-5IUW	X001TLT4D1	B0155JGRG6	NewItem	SELLABLE	0
W0-6UEE-QARV	X0021XXGCV	B0BR6423HG	NewItem	SELLABLE	0
SU-H03T-NBI3	X002E3AJ7D	B07W7ZWM8J	NewItem	SELLABLE	4
QX-FOOB-EHCK	X002EA685X	B0771XCR2Q	NewItem	SELLABLE	10
QX-FOOB-EHCK	X002EA685X	B0771XCR2Q	NewItem	UNSELLABLE	1
V9-1H40-CXWE	X00238ON3Z	B08BRF8JG2	NewItem	SELLABLE	0
RA-3PIL-ULVA	X001TE6IOV	B0991G7P3B	NewItem	SELLABLE	0
XK-6A8S-RXFI	X0021PSIIL	B09HR3V4FY	NewItem	SELLABLE	1
WS-8K22-EIP9	X0021VV0TT	B00692Q9IU	NewItem	SELLABLE	0
RE-J7WR-TWIW	X002F62VRZ	B000C1W032	NewItem	SELLABLE	33
XB-ACRF-KVD4	X0021XXCJX	B091FV74RT	NewItem	SELLABLE	26
R8-56GI-9RWV	X0020EX0DV	B01KU2XH6Q	NewItem	SELLABLE	0
SE-GNRS-I198	X0028LKZ25	B00449Q4SU	NewItem	SELLABLE	0
R1-GHUM-VQMX	X002CVZAKN	B082YMRRGV	NewItem	SELLABLE	1
TI-QGQ2-5AQA	X0025HY6L3	B0DJW9VQVR	NewItem	SELLABLE	0
WH-9492-ZVAO	X0021MJX6P	B088GLXXWG	NewItem	SELLABLE	16
TW-U1EI-L64A	X0023GSOPZ	B00DI9IIEK	NewItem	SELLABLE	0
VN-RGIG-M7QI	X0021QL2UL	B08ZWGTWLP	NewItem	SELLABLE	0
TU-YX2L-1DWO	X001RD2V5J	B01BMLQ4JQ	NewItem	SELLABLE	0
XP-A4TU-VMA0	X0025WC985	B007IVW5M0	NewItem	SELLABLE	0
QR-6S84-GMS1	X0027XMF1N	B000P253JQ	NewItem	SELLABLE	0
T9-33CE-XSZ4	X0022PCN09	B014UWCO2A	NewItem	SELLABLE	0
Z5-DC8B-DZ3K	X0025N2VIR	B076CPPQKK	NewItem	SELLABLE	0
amzn.gr.5R-QHG4-9HTU-25TGgJM7pdpfQ_iM-PO	X0026JRV21	B0DFQGLVD8	UsedPoor	SELLABLE	0
ZL-2YME-LLFR	X0025YADNV	B000KU725G	NewItem	SELLABLE	0
ZJ-832Q-ENZA	X0028VR9L5	B0CPNGSJR9	NewItem	SELLABLE	40
amzn.gr.5R-QHG4-9HTU-r00rem9hW-O01YjE-PO	X0029DTVKT	B0DFQGLVD8	UsedPoor	SELLABLE	0
YH-H0G7-CGQR	X0020FTJJT	B071WWK11X	NewItem	SELLABLE	0
Z0-AD90-KFCR	X0028L2KZ5	B000IWYOHU	NewItem	SELLABLE	0
Z1-QRLN-I0QR	X002E6MRFR	B01MS316SM	NewItem	SELLABLE	0
ZQ-HN1X-J97N	X0021C3AJB	B08L4KGJMG	NewItem	SELLABLE	0
amzn.gr.BV3204-34-cu1MX_UD86i9LnARvtM-PO	X002B8HJLZ	B0DLW2VHFX	UsedPoor	SELLABLE	0
YX-HOPE-L10S	X0020CLXQT	B0010NYC3M	NewItem	SELLABLE	0
amzn.gr.AV7230-LOuD8RngF93bAd-j1lbXW4-VG	X0029Q0O11	B0DM8MFF8B	UsedVeryGood	SELLABLE	0
ZU-1I90-759B	X0022ASHDV	B00EPRNUDS	NewItem	SELLABLE	0
amzn.gr.5R-QHG4-9HTU--0L436bgZEJmnFX9-PO	X0029AELFR	B0DFQGLVD8	UsedPoor	SELLABLE	0
amzn.gr.L6-CT7T-5M7O-N-ZqVvzZe290FwEk-PO	X002A3FW8N	B00QNOBYEI	UsedPoor	SELLABLE	0
YC-LKYR-TBB5	X001RH1J03	B0006NYCPA	NewItem	SELLABLE	0
ZU-PP2J-T9NO	X001XG7IAD	B07PLZKNH3	NewItem	SELLABLE	0
YB-WR62-DGPJ	X0025WZHXJ	B07XWJ2M7Q	NewItem	SELLABLE	0
YW-RSBB-WSHV	X002B07VXT	B0CJ7HKTHZ	NewItem	SELLABLE	2
ZF-7HF1-6KF8	X001T3JURT	B00RD38I56	NewItem	SELLABLE	0
amzn.gr.AV7230-iM_AFDX90z-dqKC3ysAUqq-LN	X0028W8QWF	B0DM8MFF8B	UsedLikeNew	SELLABLE	0
YR-3Q8X-LRF6	X00291836J	B0CYNZKVP1	NewItem	SELLABLE	0
YX-BH36-30B5	X0029XNSE9	B077GY3KH5	NewItem	SELLABLE	0
YO-8X9V-LM41	X0021IWVLN	B0756MRF4C	NewItem	SELLABLE	0
amzn.gr.AV7230-jb7zJyWFctS9mrwMQruqQ--PO	X0027XJRJ1	B0DM8MFF8B	UsedPoor	SELLABLE	0
ZB-IIQZ-GBAK	X002E6LAYV	B013PRRXJU	NewItem	SELLABLE	29
ZD-VERL-EH89	X0021O2T4B	B005IUGYIE	NewItem	SELLABLE	0
amzn.gr.AV7230-ePkbqJWHqiMCZemojkBmxJ-GD	X0029PF5RZ	B0DM8MFF8B	UsedGood	SELLABLE	0
ZE-7X6A-D106	X0022U2KR5	B09K4LBV35	NewItem	SELLABLE	0
ZE-7X6A-D106	X0022U2KR5	B09K4LBV35	NewItem	UNSELLABLE	4
YH-M4VU-0TTS	X0020B310B	B07F6W3S65	NewItem	SELLABLE	0
amzn.gr.FT405-38-IFp7v626oaBXI4_YL6qj-LN	X002B86AQF	B0DMW11S8M	UsedLikeNew	SELLABLE	0
Z4-J629-L2DP	X00260T32V	B06XKTKPWC	NewItem	SELLABLE	0
ZQ-XD57-EGKC	X0028O80QP	B08BK787TV	NewItem	SELLABLE	0
amzn.gr.AV7230-h30lOIjvykAYTRPrIDsWN_-LN	X0029QXUKD	B0DM8MFF8B	UsedLikeNew	SELLABLE	0
ZA-A3NV-7VBJ	B0CFT1FQ1P	B0CFT1FQ1P	NewItem	SELLABLE	0
ZQ-AV3C-G8LP	X0021VV4O5	B008DFR2UU	NewItem	SELLABLE	0
amzn.gr.Q601-1-7lNPrbxbmZgExZS3fNQzkE-VG	X002BGIBKP	B0DKWCXZYF	UsedVeryGood	SELLABLE	0
YH-41PX-5DOS	X0026BMWWD	B00GS37B64	NewItem	SELLABLE	0
amzn.gr.Q601-12-RjGEkrnAsDPVFbQfa_9Oq-VG	X0027U8VL9	B0DKWH3DB6	UsedVeryGood	SELLABLE	0
ZX-C3W4-QQAI	X002DU908V	B0C6J56VYW	NewItem	SELLABLE	6
amzn.gr.5R-QHG4-9HTU-p4irxMDkEyf30DFk-VG	X0027VBHN7	B0DFQGLVD8	UsedVeryGood	SELLABLE	0
amzn.gr.WH-9492-ZVAO-Xw2UO3LVC6dBKT-g-PO	X0028SE605	B088GLXXWG	UsedPoor	SELLABLE	0
amzn.gr.5R-QHG4-9HTU-zvJNcvME5zFChFBL-LN	X0028S0WKX	B0DFQGLVD8	UsedLikeNew	SELLABLE	0
ZI-R4YJ-DA3N	X0020ZMNB5	B01KU2XTFA	NewItem	SELLABLE	0
amzn.gr.AV7230-iM_AFDX90z-dqKC3ysAUqq-VG	X0027UL15H	B0DM8MFF8B	UsedVeryGood	SELLABLE	0
ZA-H7QR-M7YF	X0020F0HX1	B01MU8P6I0	NewItem	SELLABLE	0
YC-W39U-PREG	X0021SSPQX	B08QDVNDMB	NewItem	SELLABLE	0
amzn.gr.5R-QHG4-9HTU-m2pRegItnxj5GJSQ-VG	X0025CENCF	B0DFQGLVD8	UsedVeryGood	SELLABLE	0
YJ-SE55-BW5W	X002ADZ5DP	B088PMWT6K	NewItem	SELLABLE	0
amzn.gr.AV7230-43e2AceZb_sym3m_UyW0YF-PO	X0028M0SQR	B0DM8MFF8B	UsedPoor	SELLABLE	0
YV-UOGV-7RWW	X001T3JSY9	B003VR41JA	NewItem	SELLABLE	0
YB-VYF5-8VX7	X00257YGVN	B07GBBQ24Q	NewItem	SELLABLE	0
amzn.gr.AV7230-5x0HyT_fS-kvFo79hr5FIV-GD	X0028Z2LO1	B0DM8MFF8B	UsedGood	SELLABLE	0
Z9-YQOQ-T89F	X0023PEAZ9	B0039L8JF0	NewItem	SELLABLE	0
ZE-UWM9-952M	X0023MC64J	B01AMOTPI6	NewItem	SELLABLE	0
YP-4JJB-GW3H	X001RJSGZR	B005C2N8IC	NewItem	SELLABLE	0
YT-1X6W-BJ1A	X002EX7KEX	B08SVVS9Y6	NewItem	SELLABLE	0
YV-ZWZE-IR2T	X0027RJQG1	B00EMC17ZE	NewItem	SELLABLE	0
amzn.gr.5R-QHG4-9HTU-r00rem9hW-O01YjE-GD	X0027Y2VE3	B0DFQGLVD8	UsedGood	SELLABLE	0
ZG-WNDQ-2VCH	X0025UVWOJ	B014DGGA2S	NewItem	SELLABLE	0
ZC-UO5A-6VZ0	X0020N483N	B076MCN2ZV	NewItem	SELLABLE	0
YW-9N6H-22GG	X0020VWVWZ	B00119XXPI	NewItem	SELLABLE	0
amzn.gr.5R-QHG4-9HTU-r00rem9hW-O01YjE-AC	X0029L3SEL	B0DFQGLVD8	UsedAcceptable	SELLABLE	0
ZN-XSMN-7Y90	X001VLVX8D	B0BRD91CWL	NewItem	SELLABLE	0
YC-FS9K-K262	X001R6YQ9P	B005N3N1AA	NewItem	SELLABLE	0
YN-S4U6-GL1I	X0028B0U57	B06Y1RW2CH	NewItem	SELLABLE	0
amzn.gr.BV3204-34-djhXZ1XUh9WIMJzmjmx-VG	X0029ACX9D	B0DLW2VHFX	UsedVeryGood	SELLABLE	0
ZF-13YC-J8C2	X0022IWN3D	B074QTHQK9	NewItem	SELLABLE	0
ZJ-CQ4L-UZRA	X0028W3TAJ	B093ZM826L	NewItem	SELLABLE	0
ZJ-EQ1Z-Z9E0	X0028VVD21	B09NW6GYKQ	NewItem	SELLABLE	13
amzn.gr.3R-2MZK-XT2Z-kRLDnGQC-zMGZqUV-AC	X0028YBOZT	B0DHZNKLZY	UsedAcceptable	SELLABLE	0
YZ-XJ6T-ESMV	X0020R5VBH	B01KU2XC0W	NewItem	SELLABLE	0
YT-F7Z1-Q4CH	X0021GUC7F	B07D32DTJ4	NewItem	SELLABLE	0
amzn.gr.IZ-CW1K-ZYWH-9BhvoTieMq9g0pby-LN	X0026BLB6B	B0DHZRYG97	UsedLikeNew	SELLABLE	0
amzn.gr.AV7230-bBE1lru8D6gmCoXAv47Sus-VG	X002AB1PIV	B0DM8MFF8B	UsedVeryGood	SELLABLE	0
YV-QRCT-Y8HN	X002CUU24N	B0D98J8KC5	NewItem	SELLABLE	56
YV-QRCT-Y8HN	X002CUU24N	B0D98J8KC5	NewItem	UNSELLABLE	1
YX-5PBH-5AC2	X002DRA2XB	B0DY7TY1HB	NewItem	SELLABLE	0
amzn.gr.X2-DT2V-M399-77u5h9DLws0xEQT7-PO	X002AZNKW1	B0DHZQT9XT	UsedPoor	SELLABLE	0
YR-J7HB-7S6K	X002DU8QEZ	B071VHZBK2	NewItem	SELLABLE	46
amzn.gr.BV3204-34-djhXZ1XUh9WIMJzmjmx-LN	X0029ABFM9	B0DLW2VHFX	UsedLikeNew	SELLABLE	0
ZX-AOD4-1ZMA	X0025ADWJR	B0075CJXHW	NewItem	SELLABLE	0